区域,小区名称,户型,面积(㎡),朝向,价格(元/月)
光明区-光明,正兆景嘉园,3室2厅1卫,89.00,东南,3810
龙岗区-龙岗中心城,东方明珠城,3室2厅2卫,93.50,西南,3300
,未知小区,1室0厅1卫,35.00,2间在租,4825-4928
光明区-公明,奥园和平广场,2室1厅1卫,53.00,东南,2100
,未知小区,1室0厅1卫,25.00,2间在租,2860-2915
龙华区-红山,龙光玖钻,4室2厅2卫,132.00,南,10000
宝安区-西乡,招商果岭花园,4室2厅2卫,124.00,东南 西南,7300
,未知小区,2室1厅1卫,40.00,1间在租,4290
龙岗区-龙岗宝荷,碧桂园观麓花园,1室0厅1卫,29.67,南,1600
,未知小区,1室0厅1卫,30.00,1间在租,3190
宝安区-新安,灵芝新村,2室1厅1卫,65.00,东南,4200
南山区-南头,金宝花园,4室2厅1卫,95.05,东 东南 南,6000
,未知小区,1室0厅1卫,25.00,1间在租,1180
龙岗区-坂田,万科金色半山,3室2厅1卫,143.00,南,9000
,未知小区,1室0厅1卫,30.00,1间在租,1280
南山区-西丽,中爱花园,3室2厅2卫,113.00,南,8500
,未知小区,1室0厅1卫,25.00,2间在租,1469
坪山区-坪山,恒大成一期,5室2厅2卫,155.92,东北,5200
,未知小区,1室0厅1卫,25.00,2间在租,2220-2500
龙岗区-龙岗中心城,万科时代广场,3室2厅2卫,64.00,东北,4400
,未知小区,1室1厅1卫,41.80,1间在租,2800
龙岗区-龙岗中心城,吉祥里,3室2厅1卫,80.03,东南,4100
,未知小区,1室0厅1卫,35.00,1间在租,3500
宝安区-翻身,富源商贸中心,3室2厅2卫,113.19,东南,8500
,未知小区,1室0厅1卫,19.00,1间在租,1110
,未知小区,2室1厅1卫,60.00,1间在租,5300
,未知小区,1室1厅1卫,41.80-42.00,2间在租,2800-3000
,未知小区,1室0厅1卫,39.00,1间在租,1980
,未知小区,2室1厅1卫,78.00,1间在租,3380
,未知小区,1室0厅1卫,30.00,1间在租,1350
龙岗区-布吉南岭,万科公园里三期,3室2厅2卫,106.00,西北,5100
龙岗区-大运新城,世茂深港国际中心,1室1厅1卫,43.04,南,2800
,未知小区,1室0厅1卫,39.00,1间在租,1980
坪山区-坪山,奥园翡翠东湾,3室2厅1卫,77.11,南,2700
,未知小区,2室1厅1卫,78.00,1间在租,3380
光明区-光明,金地峰境誉府,3室2厅2卫,98.00,东南,4500
龙岗区-龙岗中心城,吉祥里,3室2厅1卫,79.00,南,4200
,未知小区,1室0厅1卫,30.00,1间在租,1350
南山区-大学城,京基御景峯,3室2厅2卫,116.00,西南,9600
,未知小区,1室0厅1卫,19.00,1间在租,2500
罗湖区-银湖,鸿颖大厦,3室2厅1卫,84.88,西南,7700
龙岗区-布吉街,吉信大厦,3室2厅2卫,110.00,南,5200
,未知小区,2室1厅1卫,78.00,1间在租,3580
龙岗区-龙岗中心城,吉祥来花园,4室2厅1卫,106.00,东南,3800
,未知小区,2室1厅1卫,78.00,1间在租,3680
福田区-福田中心,岗厦城,3室1厅1卫,90.00,东,13000
,未知小区,1室0厅1卫,15.00,1间在租,2387
龙岗区-坪地,今日香沙御景园,1室0厅1卫,29.20,南,1500
,未知小区,1室0厅1卫,30.00,1间在租,2650
南山区-南头,福临苑,1室1厅1卫,42.00,东南,5800
,未知小区,1室0厅1卫,10.00,1间在租,1000
南山区-南山中心,龙城新苑,3室1厅3卫,30.00,南,3780
,未知小区,1室0厅1卫,15.00,1间在租,1160
光明区-公明,宏发雍景城,5室2厅2卫,171.90,南 北,9000
,未知小区,1室0厅1卫,15.00,1间在租,1646
,未知小区,1室0厅1卫,16.00,1间在租,1550
,未知小区,1室0厅1卫,20.00,1间在租,1280
,未知小区,1室0厅1卫,16.00,1间在租,1325
,未知小区,1室0厅1卫,17.57,2间在租,1499-1588
,未知小区,1室0厅1卫,25.00,2间在租,1280-1299
罗湖区-翠竹,鹏公馆,1室1厅1卫,41.00,南,4200
宝安区-航城,中信领航,1室1厅1卫,38.00,西北,3200
宝安区-福永,会展湾水岸,1室0厅1卫,34.00,东,2100
宝安区-福永,会展湾水岸,1室0厅1卫,33.48,东,2200
福田区-梅林,绿景虹湾,2室1厅1卫,52.54,北,7300
南山区-后海,天海花园,3室2厅1卫,92.00,南,8600
南山区-蛇口,半岛城邦花园三期,5室2厅2卫,164.00,南,29000
盐田区-沙头角,鹏瑞尚府,1室1厅1卫,47.00,南,3360
盐田区-沙头角,鹏瑞尚府,1室0厅1卫,51.00,西南,3800
龙岗区-龙岗中心城,金地名郡园,3室2厅2卫,89.00,东南,4000
光明区-光明,汇银绿城桂语兰庭,3室2厅2卫,89.00,东南,5000
龙岗区-龙岗中心城,阅山华府,3室2厅2卫,87.99,东南,3500
龙岗区-龙岗宝荷,京基御景荟都,1室1厅1卫,35.00,南,1800
龙岗区-龙岗中心城,同创九著院,4室2厅2卫,89.00,南,4600
龙华区-龙华新区,金地梅陇镇三期,3室2厅2卫,108.00,南 北,5800
福田区-石厦,宏轩大厦,2室2厅1卫,60.18,南,6980
龙岗区-布吉街,钧濠·MIX Park,1室1厅1卫,29.26,东南,2700
罗湖区-地王,日豪名园,2室1厅1卫,71.59,东,5200
龙岗区-龙岗中心城,名居广场,1室1厅1卫,46.15,东南,2900
光明区-公明,福盈中央山,3室1厅1卫,67.00,西,3600
盐田区-沙头角,鹏瑞尚府,1室1厅1卫,39.00,南,3360
龙岗区-坂田,中浩吉祥花园,2室2厅1卫,72.82,西北,3600
盐田区-沙头角,鹏瑞尚府,1室0厅1卫,39.00,东,3300
龙岗区-坪地,今日香沙御景园,2室1厅1卫,57.00,南,2880
龙华区-民治,潜龙鑫茂花园B区,2室1厅1卫,69.00,东南,4750
罗湖区-黄贝岭,深业东岭二期,3室2厅2卫,87.00,东南,9030
南山区-科技园,松坪村西区三期,2室1厅1卫,48.93,西北,4600
南山区-科技园,晶品居,3室2厅1卫,78.00,南,7600
福田区-香蜜湖,熙园,3室2厅2卫,160.00,南,29000
宝安区-翻身,里仁府,3室1厅2卫,120.00,东南,8200
盐田区-梅沙,水云间雅居,2室1厅1卫,59.00,东,2600
宝安区-沙井,鸿荣源珈誉府2区,2室1厅1卫,65.00,东南,5000
宝安区-新安,灵芝新村,2室1厅1卫,65.30,东南,4000
福田区-梅林,辉煌时代大厦,1室1厅1卫,40.00,东南,4800
龙岗区-龙岗宝荷,京基御景荟都,1室1厅1卫,37.00,南 北,2600
龙岗区-平湖,融湖中心城三期,4室2厅2卫,109.00,南,6200
罗湖区-清水河,旭飞华天苑,1室0厅1卫,20.00,东,1900
南山区-南山中心,向南瑞峰花园,1室1厅1卫,42.41,东,5500
宝安区-福永,万科金色领域,3室2厅1卫,88.00,南,5500
福田区-赤尾,京基御景华城,3室2厅2卫,84.00,西南,7500
坪山区-坪山,深城投中心公馆,1室0厅1卫,25.00,北,1800
福田区-石厦,皇都广场,1室1厅0卫,61.87,西北,4700
宝安区-西乡,流塘阳光花园,2室1厅1卫,46.62,西南,4800
宝安区-福永,鸿荣源珈誉府,3室2厅2卫,85.00,东南,5500
龙岗区-龙岗宝荷,京基御景荟都,1室1厅1卫,35.50,南,2200
南山区-前海,诺德假日花园,4室2厅1卫,145.00,东南,15000
龙岗区-坂田,万科城一期,3室2厅3卫,146.00,南,13000
罗湖区-螺岭,东门168,1室1厅1卫,42.45,南,3700
罗湖区-万象城,粤华小区,3室2厅1卫,90.00,东南 南 北,7000
龙岗区-坂田,万科城三期,4室2厅3卫,184.53,南,17500
福田区-竹子林,佳泰兴苑,4室2厅2卫,78.35,南,10500
宝安区-翻身,海天花园,3室2厅1卫,89.00,东南,5400
龙岗区-龙岗双龙,金汐府,3室2厅2卫,56.00,西南,2700
南山区-蛇口,花果山小区,2室1厅1卫,65.00,东,5500
南山区-南山中心,凯德公园1号,4室1厅1卫,193.00,南,24000
龙岗区-丹竹头,合正丹郡,1室1厅1卫,48.00,东北,3400
龙岗区-龙岗中心城,全盛紫悦龙庭,5室2厅3卫,126.86,东北,7500
南山区-前海,卓越前海壹号,3室2厅3卫,193.00,西南,27000
龙岗区-坂田,万科城四期,3室2厅2卫,123.00,南,7600
罗湖区-莲塘,鹏基公寓,1室1厅1卫,30.00,南,2500
福田区-福田中心,彩天名苑,3室1厅1卫,86.00,东,9000
南山区-南山中心,登良花园,3室2厅2卫,96.00,南,7000
南山区-南头,南贸中心,1室0厅1卫,28.00,北,3580
宝安区-松岗,联投东方华府一期,1室1厅1卫,49.00,南,3000
光明区-光明,新地中央花园,1室0厅1卫,25.00,东南,2200
罗湖区-万象城,城市天地广场,1室1厅1卫,50.95,北,4500
福田区-石厦,益田村,3室2厅1卫,86.28,南,8000
南山区-南山中心,中海丽苑,2室2厅1卫,74.22,东南,6280
南山区-科技园,锦隆花园,3室2厅2卫,113.00,北,10500
福田区-车公庙,趣园,1室1厅1卫,52.00,北,7500
福田区-香蜜湖,香蜜湖豪庭,2室1厅1卫,55.00,南,7680
福田区-梅林,皇庭世茂裕玺,1室1厅1卫,48.00,东南 南,6300
宝安区-松岗,畔山御景花园,1室1厅1卫,60.82,西南,2800
宝安区-西乡,富通V都会,3室2厅1卫,91.21,东南,5500
宝安区-宝安中心,鸿荣源·壹方中心·玖誉,5室1厅1卫,20.00,南,4200
龙岗区-龙岗中心城,保利上城,3室2厅1卫,78.00,东南,4800
龙岗区-横岗,星河智荟,2室1厅1卫,65.00,西北,3800
福田区-上下沙,红树家邻,1室0厅1卫,20.28,东,2700
罗湖区-黄贝岭,深业东岭二期,2室1厅1卫,70.00,西北,7300
南山区-前海,远洋滨海大厦,2室1厅1卫,70.00,东南,7800
龙岗区-龙岗中心城,仁恒梦公园,1室1厅1卫,38.00,东南,2400
宝安区-新安,建兴楼,2室1厅1卫,61.00,东,4000
龙岗区-龙岗中心城,华策中心城,3室2厅2卫,88.98,东南,4600
龙华区-红山,龙光玖钻,2室2厅2卫,52.00,西南,5900
福田区-福田中心,彩虹新都,3室2厅2卫,120.00,东北,9500
光明区-公明,中粮云景广场,3室2厅2卫,61.99,西,3800
南山区-南山中心,愉康花园,4室1厅2卫,76.00,南,7200
南山区-科技园,豪方花园,1室1厅1卫,49.00,北,4300
坪山区-坪山,润樾山,3室2厅2卫,99.13,东南,3800
罗湖区-春风路,长丰苑,2室2厅1卫,68.29,东北,5200
龙岗区-平湖,佳兆业金御佳园,4室2厅2卫,133.00,南,6500
福田区-赤尾,京基御景华城,2室1厅1卫,61.00,北,6000
福田区-福田保税区,城市3米6公寓,2室1厅1卫,35.00,西南,5500
龙华区-龙华中心,壹成中心第九区,5室2厅2卫,130.00,北,7000
南山区-西丽,桃源村二期,3室2厅1卫,93.00,东南 南,6300
罗湖区-翠竹,合正星园,3室2厅1卫,89.00,西南,10000
福田区-皇岗,嘉意台,2室1厅1卫,76.00,西北,7000
南山区-南山中心,龙城新苑,2室1厅1卫,24.00,东南,2880
南山区-蛇口,半岛花园A区,1室0厅0卫,23.00,东南,2500
南山区-红树湾,瑧湾汇,3室2厅2卫,87.83,南,23000
龙岗区-龙岗中心城,阅山公馆,4室2厅3卫,84.00,南,6000
龙岗区-横岗,荣德SPACE,2室2厅1卫,67.00,西北,4000
南山区-南山中心,登良花园,2室1厅2卫,24.00,东南,2580
龙岗区-坪地,中骏云景府,3室2厅1卫,80.00,西南,3200
宝安区-新安,玖悦,2室2厅1卫,82.00,西南,7800
龙岗区-平湖,熙璟城,3室2厅1卫,88.20,东南,4600
南山区-蛇口,半岛城邦花园三期,5室2厅4卫,230.00,南,58000
龙华区-红山,莱蒙水榭春天二期,3室2厅2卫,89.00,南,7200
龙岗区-横岗,荣德国际ECC,3室2厅2卫,58.00,东南,4200
福田区-福田中心,中深花园大厦,3室2厅2卫,122.00,东南,13000
南山区-科技园,华润城万象府,1室1厅2卫,90.00,北,14000
南山区-蛇口,海景广场,3室2厅2卫,147.00,西南,11800
龙华区-民治,世纪春城四期,3室2厅1卫,75.30,南,5200
龙华区-梅林关,新彩苑,1室1厅1卫,34.00,西南,4500
龙华区-梅林关,新彩苑,1室1厅1卫,37.00,东北,4300
南山区-南头,南贸中心,1室1厅1卫,20.00,南,2850
福田区-梅林,大众公寓,2室2厅1卫,61.73,北,4200
龙岗区-横岗,银信中心二期,4室2厅2卫,89.00,南,5900
福田区-景田,市政大院,3室2厅2卫,127.00,南,14000
福田区-福田中心,岗厦汇花园,2室1厅1卫,80.00,北,12800
南山区-蛇口,榆园三期,南,南山区-蛇口-榆园三期,18.00㎡,2330
坪山区-坪山,奥园翡翠东湾,2室2厅1卫,65.00,东北,2900
龙岗区-龙岗双龙,水岸新都四五期,3室2厅2卫,140.00,南,3600
宝安区-沙井,鸿荣源珈誉府2区,3室2厅2卫,86.00,西北,7500
龙岗区-龙岗中心城,和兴苑,2室1厅1卫,54.00,南,2500
罗湖区-东门,洪湖大厦,1室0厅1卫,38.00,西南,2800
宝安区-翻身,宝新花园,南,宝安区-翻身-宝新花园,12.10㎡,2190
福田区-景田,安栢丽晶,5室2厅4卫,249.00,南,22000
龙岗区-龙岗中心城,紫薇花园东区,南,龙岗区-龙岗中心城-紫薇花园东区,8.90㎡,1030
罗湖区-螺岭,京基东方颐园,2室1厅1卫,56.00,东南,5000
福田区-百花,南天二花园,2室1厅1卫,82.50,南,8500
南山区-科技园,科技园三十六区,5室1厅2卫,13.20,西,2360
南山区-西丽,学子荔园,4室1厅2卫,9.40,北,1860
南山区-南头,马家龙大新工业村,4室1厅1卫,11.50,南,1890
龙岗区-布吉街,翠枫豪园二期,3室2厅1卫,102.44,南,5200
龙岗区-龙岗中心城,保利上城,4室2厅2卫,167.79,南,8500
福田区-竹子林,竹园小区,3室2厅1卫,76.57,西,6100
龙岗区-平湖,凤冠华庭,3室2厅2卫,89.00,东,5000
宝安区-航城,天福华府,3室2厅1卫,89.00,南,6500
福田区-福田中心,金中环国际商务大厦,2室1厅1卫,92.73,南,13770
罗湖区-布心,悦彩城（西北地块）,3室1厅2卫,53.00,东南,6200
龙华区-梅林关,书香门第上河坊,1室1厅1卫,43.60,西南,4000
南山区-科技园,缘来居,1室1厅1卫,50.00,西南,5200
南山区-科技园,汇景豪苑,4室1厅2卫,5.83,东,1660
南山区-深圳湾,太古城南,1室1厅1卫,40.68,东,7500
龙岗区-坂田,中海日辉台,3室2厅2卫,85.90,南 北,5800
龙岗区-坂田,万科四季花城七期,5室1厅2卫,7.95,北,1360
龙岗区-龙岗宝荷,中海阳光橡树园,3室2厅1卫,81.00,东南,3700
坪山区-坪山,世茂广场,1室1厅1卫,37.00,北,2100
南山区-西丽,宝珠花园,4室1厅2卫,5.48,北,1460
,未知小区,2室1厅1卫,48.00,1间在租,3550
龙岗区-布吉南岭,文峰华庭,5室2厅2卫,166.00,南,6500
南山区-科技园,华润城润府一期,3室2厅2卫,124.76,东南,17500
,未知小区,1室0厅1卫,16.00,1间在租,1400
罗湖区-翠竹,翡翠公寓,2室1厅1卫,33.00,东南,4500
,未知小区,1室0厅1卫,25.00,1间在租,1264
,未知小区,1室0厅1卫,25.00,1间在租,1224
南山区-华侨城,香山美墅云颂,4室2厅2卫,171.00,南,23000
,未知小区,1室1厅1卫,40.00,1间在租,1616
龙岗区-龙岗中心城,远洋新天地家园,3室2厅2卫,89.00,东南,3600
龙岗区-布吉街,德福花园,2室2厅1卫,55.00,北,2500
龙岗区-布吉大芬,倚龙华庭,2室2厅1卫,47.76,南,4100
,未知小区,1室0厅1卫,20.00,2间在租,1240-1376
罗湖区-地王,京基一百大厦,1室0厅1卫,31.00,南,4200
,未知小区,1室1厅1卫,19.00,1间在租,1666
龙华区-龙华中心,壹成中心第三区,3室2厅2卫,89.00,南,6800
龙华区-红山,龙光玖钻,2室1厅1卫,39.00,南,4800
福田区-福田中心,彩福大厦,3室2厅1卫,95.00,东南,9300
,未知小区,1室0厅1卫,17.00,1间在租,1424
福田区-竹子林,海德园,4室2厅3卫,161.00,南,32000
,未知小区,1室1厅1卫,20.00,1间在租,1734
宝安区-宝安中心,富通好旺角一期,1室2厅1卫,35.00,东南,4800
,未知小区,2室2厅1卫,70.00,1间在租,6200
南山区-南山中心,友邻公寓,2室1厅1卫,50.00,南 北,4880
福田区-皇岗,庆典大厦,3室2厅1卫,82.89,南,7000
,未知小区,2室2厅1卫,73.00,1间在租,6500
,未知小区,1室0厅1卫,44.00,3间在租,3380
南山区-南山中心,时代骄子大厦,1室1厅1卫,39.00,南,5000
南山区-南山中心,愉康花园,2室1厅1卫,52.00,东南,5000
,未知小区,1室1厅1卫,45.00,1间在租,3300
福田区-香蜜湖,东海国际公寓,3室2厅3卫,191.83,西北,29500
龙岗区-平湖,昊龙华庭,3室2厅2卫,91.00,南,2500
南山区-蛇口,蓬莱花园,南,南山区-蛇口-蓬莱花园,12.80㎡,2630
龙华区-观澜,懿花园,4室1厅5卫,183.85,南,12000
福田区-香蜜湖,香蜜湖度假村家属楼,3室1厅1卫,76.00,南,7000
龙岗区-龙岗中心城,金地龙城中央一期,南,龙岗区-龙岗中心城-金地龙城中央一期,9.50㎡,1130
盐田区-沙头角,壹海中心,1室0厅0卫,186.00,南,40000
福田区-上下沙,金地花园,南,福田区-上下沙-金地花园,11.90㎡,1890
龙岗区-布吉石芽岭,观山大卫华庭,5室2厅4卫,206.68,南 北,9300
福田区-香蜜湖,东海国际公寓,3室2厅2卫,182.00,南,20000
坪山区-坪山,花样年·旭辉·好时光,4室2厅2卫,120.00,南,4900
南山区-华侨城,光侨街住宅区,南,南山区-华侨城-光侨街住宅区,11.00㎡,2330
龙岗区-龙岗双龙,深房传麒尚林,4室4厅3卫,208.00,南 北,23000
盐田区-沙头角,梅花楼,3室2厅1卫,91.00,东南,3200
南山区-前海,山水情家园,5室2厅3卫,169.00,东南,20000
福田区-景田,橄榄绿洲,2室2厅1卫,77.00,南,9000
福田区-福田中心,皇家翠苑,6室3厅4卫,304.87,西,68000
光明区-光明,金融街华发·融御花园,5室1厅2卫,5.54,北,1130
南山区-蛇口,弘都世纪公寓,5室2厅2卫,130.00,南 北,12000
南山区-后海,南油B区,6室1厅2卫,30.00,东南,2500
龙华区-上塘,港铁天颂,4室1厅2卫,6.00,北,1430
南山区-前海,阳光棕榈园一期,4室1厅2卫,8.47,南,2130
福田区-景田,聚豪园,7室2厅2卫,247.00,南,25000
龙岗区-大运新城,世茂深港国际中心,2室1厅1卫,59.00,东,3300
宝安区-碧海,槟城西岸,6室2厅6卫,30.00,南,2800
南山区-南山中心,城市山林,4室1厅2卫,9.20,东,2260
龙华区-观澜,观湖园,4室2厅3卫,167.00,南,15000
龙华区-坂田,龙岸花园一期,8室3厅6卫,218.49,南,59000
南山区-华侨城,美加广场,3室2厅2卫,105.00,东南,13000
南山区-后海,深圳湾公馆,3室2厅3卫,86.63,东南,20000
宝安区-沙井,唐商前海双悦,2室2厅1卫,60.00,东,2000
宝安区-宝安中心,泰华梧桐聚落花园,2室1厅1卫,100.00,东北,14800
南山区-南山中心,愉康花园,南,南山区-南山中心-愉康花园,9.86㎡,1930
罗湖区-百仕达,翠竹苑,南,罗湖区-百仕达-翠竹苑,15.60㎡,1830
福田区-新洲,锦洲花园,南,福田区-新洲-锦洲花园,11.20㎡,1790
宝安区-宝安中心,泰华梧桐聚落花园,3室2厅2卫,125.35,西南,18200
南山区-南山中心,龙城新苑,南,南山区-南山中心-龙城新苑,13.90㎡,2230
福田区-沙尾,金地名轩,东北,福田区-沙尾-金地名轩,47.96㎡,5830
龙岗区-布吉街,半山道1号礼宾府,4室2厅2卫,178.00,南,8000
南山区-前海,港湾丽都,南,南山区-前海-港湾丽都,25.00㎡,2690
龙华区-坂田,春华四季园二期,南,龙华区-坂田-春华四季园二期,17.40㎡,1830
盐田区-沙头角,蓝郡广场,4室2厅3卫,155.00,东,16000
福田区-香蜜湖,枫丹雅苑,东南,福田区-香蜜湖-枫丹雅苑,14.52㎡,3990
盐田区-梅沙,天琴湾三期,3室2厅2卫,116.23,东南,13000
南山区-南山中心,荟芳园,4室2厅2卫,13.00,南,3000
龙岗区-龙岗双龙,运河蓝湾,4室2厅2卫,155.00,东南,5500
盐田区-梅沙,万科东海岸二期,5室2厅3卫,201.33,东南,8000
福田区-香蜜湖,香蜜湖水榭花都,4室2厅2卫,192.00,南,40000
盐田区-盐田港,港城蓝山雅园,6室3厅3卫,323.44,南 北,28000
龙岗区-布吉街,佳兆业壹都汇大厦,5室2厅1卫,235.70,东南 南,12000
福田区-车公庙,都市阳光名苑,2室1厅1卫,69.50,北,6500
南山区-科技园,汇园雅居,北,南山区-科技园-汇园雅居,10.50㎡,2460
福田区-皇岗,福乐雅苑,东,福田区-皇岗-福乐雅苑,10.20㎡,1730
南山区-前海,前海花园,南 北,南山区-前海-前海花园,15.00㎡,1660
龙岗区-横岗,锦荟PARK,4室1厅2卫,6.90,西,1130
盐田区-梅沙,东部华侨城天麓三区,5室2厅4卫,241.33,南,26000
福田区-车公庙,华海住宅小区,3室2厅1卫,90.00,南 北,6500
南山区-大学城,京基御景峯,4室1厅1卫,5.18,北,1760
福田区-福田中心,彩福大厦,3室2厅1卫,91.00,东南,10000
南山区-后海,南油B区,1室1厅1卫,30.00,北,3260
龙华区-红山,龙光玖钻,3室2厅2卫,71.72,东南,8500
龙岗区-龙岗中心城,仁恒梦公园,4室2厅2卫,65.86,南,3800
罗湖区-黄贝岭,景贝南小区,西南,罗湖区-黄贝岭-景贝南小区,13.86㎡,1630
南山区-南头,嘉庭苑,北,南山区-南头-嘉庭苑,12.57㎡,2090
龙岗区-丹竹头,怡乐花园,东北,龙岗区-丹竹头-怡乐花园,13.70㎡,1530
罗湖区-百仕达,翠拥华庭一期,2室2厅1卫,84.89,东 东南,6600
龙华区-龙华中心,鸿荣源尚云,3室2厅2卫,89.00,南,6700
福田区-景田,景新花园,3室2厅1卫,91.00,南,6900
龙岗区-横岗,建信天宸,1室1厅1卫,43.00,东南,3500
福田区-上下沙,碧海红树园,南,福田区-上下沙-碧海红树园,13.30㎡,3490
宝安区-宝安中心,幸福海岸一期,东北,宝安区-宝安中心-幸福海岸一期,7.30㎡,1760
盐田区-梅沙,万科东海岸二期,5室2厅2卫,190.51,东南,9600
福田区-上下沙,鸿景湾名苑,南,福田区-上下沙-鸿景湾名苑,15.20㎡,2790
南山区-南头,旺海怡苑,南,南山区-南头-旺海怡苑,9.53㎡,2130
龙华区-上塘,特发和平里二期,4室1厅1卫,9.40,南,1560
龙岗区-横岗,建信天宸,1室1厅1卫,43.00,东南,3500
龙华区-坂田,春华四季园二期,5室1厅2卫,9.70,北,1330
盐田区-沙头角,天丰公寓,3室1厅1卫,62.12,北,3000
福田区-景田,TT国际公寓,1室1厅1卫,39.93,北,5500
福田区-竹子林,金竹花园,3室2厅1卫,93.00,南,6200
盐田区-盐田港,海川阁,1室1厅1卫,47.00,南,2700
福田区-梅林,凯丰花园一期,4室1厅1卫,11.70,南,1590
南山区-科技园,汇景豪苑,3室1厅1卫,10.11,北,2190
南山区-大学城,华晖云门,4室1厅2卫,13.86,西,2860
福田区-华强北,宝树台,1室1厅1卫,43.00,西北,5500
福田区-新洲,福昌苑,4室1厅2卫,128.02,南 北,11000
龙华区-龙华新区,苹果园,2室2厅1卫,54.92,南,4500
龙岗区-坂田,万科城四期,3室2厅1卫,90.97,南,6500
南山区-西丽,珠光花半里,4室1厅2卫,8.00,南,1630
宝安区-宝安中心,天健时尚空间名苑,4室1厅2卫,8.10,西南,1860
宝安区-沙井,鸿荣源珈誉府2区,3室2厅2卫,85.00,南,5000
南山区-科技园,科技园五十八区,北,南山区-科技园-科技园五十八区,7.62㎡,1890
福田区-梅林,碧荔花园,3室2厅1卫,90.84,北,7600
南山区-南山中心,汉京山,东,南山区-南山中心-汉京山,8.77㎡,1960
南山区-前海,前海天境花园,3室2厅2卫,119.00,南,17000
罗湖区-百仕达,万事达名苑二期,2室1厅1卫,73.00,南,6300
光明区-光明,龙光玖龙台三期(公寓),2室1厅1卫,45.00,东南,3600
福田区-车公庙,君临天下,1室1厅1卫,76.51,北,14000
南山区-前海,星海名城五期,2室1厅1卫,50.00,南,6200
罗湖区-螺岭,聚龙大厦,2室1厅1卫,56.57,东,4300
南山区-白石洲,侨城豪苑二期,2室2厅1卫,77.00,北,6500
福田区-皇岗,海悦华城,3室2厅2卫,89.00,东北,8500
福田区-梅林,碧荔花园,2室2厅1卫,75.00,北,6300
福田区-梅林,百兴苑,3室2厅2卫,99.60,南,6600
龙岗区-布吉街,德福花园,3室2厅1卫,73.00,东,3800
南山区-蛇口,海月花园二期,4室2厅2卫,148.00,南,14000
南山区-西丽,学子荔园,西,南山区-西丽-学子荔园,7.25㎡,1560
罗湖区-螺岭,京基东方华都,1室1厅1卫,39.00,东南,4200
南山区-蛇口,半岛城邦花园三期,5室2厅2卫,165.00,南,30000
南山区-蛇口,水产楼,3室2厅1卫,88.00,东,7000
龙岗区-坂田,德润荣君府,南,龙岗区-坂田-德润荣君府,10.51㎡,2330
罗湖区-罗湖口岸,罗湖金岸大厦,东北,罗湖区-罗湖口岸-罗湖金岸大厦,7.60㎡,1860
南山区-蛇口,华彩花园,4室1厅2卫,11.60,南,2630
南山区-蛇口,水产楼,3室2厅1卫,88.00,东,7000
光明区-光明,中海寰宇时代花园,4室1厅2卫,8.80,西,1290
龙岗区-布吉街,阳光花园五期,2室1厅1卫,46.35,北,3300
南山区-蛇口,千叶苑,5室1厅2卫,14.20,南,2590
坪山区-坪山,一品澜山,4室2厅2卫,145.00,东南,4000
坪山区-坪山,恒大成二期,3室2厅2卫,95.00,东北,3550
福田区-石厦,新天CBC,4室1厅2卫,158.00,东南 南,16500
福田区-竹子林,鸿新花园,北,福田区-竹子林-鸿新花园,8.70㎡,1678
南山区-南山中心,城市山林,北,南山区-南山中心-城市山林,6.87㎡,1930
盐田区-沙头角,东埔海景花园二期,3室2厅2卫,115.00,东南,7800
龙岗区-坂田,佳兆业中央广场一期,西,龙岗区-坂田-佳兆业中央广场一期,9.84㎡,1590
罗湖区-百仕达,百仕达花园二期,南,罗湖区-百仕达-百仕达花园二期,13.00㎡,1872
南山区-蛇口,半岛城邦花园四期,2室2厅2卫,117.00,东南,19800
罗湖区-黄贝岭,翠华花园,4室2厅1卫,124.00,南,6500
南山区-华侨城,中新街芳华苑,南,南山区-华侨城-中新街芳华苑,6.20㎡,1590
福田区-香梅北,翔名苑,4室2厅1卫,98.00,东北,10500
南山区-南头,前海金岸,2室2厅1卫,72.00,南,7000
龙岗区-坂田,太阳雨家园,3室2厅1卫,84.73,南,6500
福田区-景田,紫薇阁,西,福田区-景田-紫薇阁,55.66㎡,5790
龙岗区-布吉大芬,桂芳园一期,5室3厅1卫,93.75,南,8000
南山区-南山中心,汇宾广场,西北,南山区-南山中心-汇宾广场,11.00㎡,2027
坪山区-坪山,坪山招商花园城北区,5室0厅1卫,145.10,西,15000
龙岗区-坂田,依云山庄,6室2厅3卫,207.00,南,12000
龙华区-民治,潜龙鑫茂花园C区,1室1厅1卫,26.98,北,3130
福田区-福田中心,岗厦辛诚花园,3室2厅2卫,133.00,北,13500
龙华区-上塘,特发和平里,2室2厅1卫,70.00,东南,5300
宝安区-西乡,福中福花园一期,3室2厅2卫,103.00,东南,4900
南山区-南山中心,世纪广场,1室1厅1卫,43.21,东北,5400
龙岗区-龙岗宝荷,京基御景荟都,2室1厅1卫,58.00,南,3200
龙岗区-横岗,信义御城,3室2厅2卫,88.94,东南,4500
南山区-白石洲,中海深圳湾畔花园,4室2厅2卫,141.19,东南,15000
南山区-后海,信和自由广场,4室1厅2卫,5.20,北,1690
光明区-公明,天汇时代花园一期,4室1厅2卫,6.54,西南,1090
福田区-福田中心,福莲花园,4室1厅1卫,11.80,东,2330
南山区-大学城,宝能城西区,4室2厅2卫,161.00,东南 西北,16500
龙岗区-龙岗中心城,珑城原点广场,1室1厅1卫,34.00,东南,1900
福田区-梅林,翰岭院,2室2厅1卫,82.00,南,8200
罗湖区-万象城,嘉宾花园,北,罗湖区-万象城-嘉宾花园,5.57㎡,1390
罗湖区-莲塘,万科东方尊峪,2室2厅1卫,92.82,南,6300
福田区-竹子林,建业大厦,南,福田区-竹子林-建业大厦,11.20㎡,2760
龙岗区-布吉街,阳光花园二期,2室2厅1卫,66.00,南,3500
龙华区-龙华新区,苹果园,2室1厅1卫,78.82,东南,5000
罗湖区-笋岗,祥福雅居,1室1厅1卫,40.37,西南,4500
南山区-南山中心,豪园小区,南,南山区-南山中心-豪园小区,14.29㎡,2260
宝安区-宝安中心,花样年花郡,1室1厅1卫,38.00,西北,5100
罗湖区-布心,东晓花园,南,罗湖区-布心-东晓花园,13.30㎡,1690
南山区-后海,云海天城,2室1厅1卫,75.92,南,6495
南山区-蛇口,栖游记,3室1厅2卫,86.20,南 北,7500
南山区-南山中心,怡园大厦,北,南山区-南山中心-怡园大厦,7.30㎡,1830
福田区-华强北,红荔村,南,福田区-华强北-红荔村,5.60㎡,1390
福田区-梅林,先科花园,南,福田区-梅林-先科花园,49.26㎡,4160
福田区-竹子林,竹园小区,3室2厅1卫,77.70,南,5900
龙岗区-横岗,麟恒中心广场一期,4室2厅2卫,84.40,东南,5800
龙华区-龙华中心,幸福城三期,3室2厅1卫,89.70,东南 南,6800
南山区-南山中心,康乐园,4室1厅1卫,10.68,北,2190
南山区-后海,龙城花园,3室1厅1卫,8.28,南,2130
宝安区-西乡,中熙香缇湾,5室1厅2卫,12.10,西北,2030
宝安区-翻身,泰华锦绣城,2室2厅1卫,78.00,东南,5300
光明区-公明,天汇时代花园一期,4室1厅2卫,10.28,东南,1460
龙华区-上塘,龙华金茂府,4室2厅3卫,184.13,西南,23000
龙岗区-横岗,名门世家,5室1厅2卫,7.30,东,1030
南山区-蛇口,半岛城邦花园二期,6室0厅0卫,18.00,南,2880
南山区-前海,椰风海岸,3室1厅1卫,12.50,北,2530
南山区-南头,大陆庄园,5室1厅2卫,30.00,南,3300
南山区-蛇口,海昌大厦,3室1厅1卫,66.00,南,6700
南山区-前海,前海天境花园,3室2厅2卫,121.58,南,13000
南山区-后海,京光海景花园,4室1厅2卫,6.00,南,1630
,未知小区,1室0厅1卫,37.00,2间在租,5486-5620
南山区-华侨城,天鹅湖花园三期,3室2厅2卫,123.00,南,17500
,未知小区,1室1厅1卫,55.00,2间在租,6485-7289
罗湖区-百仕达,百仕达乐湖,2室2厅1卫,88.00,东北,7100
龙华区-龙华中心,壹成中心璞誉府,4室2厅2卫,128.00,南,11000
盐田区-沙头角,壹海城四区,1室1厅1卫,52.00,西北 北,4600
龙岗区-龙岗宝荷,振业天峦,3室1厅1卫,89.00,东南,3300
,未知小区,1室0厅1卫,37.00,3间在租,5099-5620
,未知小区,1室0厅1卫,23.00,1间在租,1580
,未知小区,1室0厅1卫,33.00,1间在租,1780
坪山区-坪山,玺悦台,4室2厅2卫,111.25,东南,3500
龙岗区-大运新城,佳兆业未来时代大厦,2室1厅1卫,60.54,南,3400
,未知小区,1室1厅1卫,35.00,1间在租,2000
龙岗区-龙岗中心城,珑城原点广场,1室1厅1卫,34.00,东南,1700
龙岗区-布吉关,国展苑,3室1厅1卫,86.00,东南 南,4700
,未知小区,1室0厅1卫,23.00,1间在租,1400
,未知小区,1室0厅1卫,37.00,3间在租,5099-5403
,未知小区,1室1厅1卫,58.00,1间在租,2700
,未知小区,1室1厅1卫,50.00,1间在租,5980
福田区-梅林,梅林一村,3室2厅1卫,90.00,西南,7300
福田区-皇岗,皇御苑四期,1室0厅1卫,38.00,南,4800
,未知小区,1室0厅1卫,37.00,4间在租,5226-5755
南山区-前海,佳兆业前海广场一期,5室2厅2卫,110.00,南 北,10500
,未知小区,未知户型,12间在租,1室0厅1卫,5403-5809
,未知小区,1室0厅1卫,37.00,4间在租,5403-5949
龙岗区-横岗,康乐花园,10室4厅6卫,322.00,南,26000
,未知小区,1室0厅1卫,40.00,1间在租,1600
罗湖区-翠竹,茂业德弘天下,3室1厅1卫,74.00,东南,7500
坪山区-坪山,万樾府,3室2厅1卫,85.73,东南,4600
龙华区-龙华中心,绿茵华庭,3室2厅1卫,86.00,东南 西北,4300
南山区-蛇口,蓝漪花园,东,南山区-蛇口-蓝漪花园,9.70㎡,2160
龙岗区-坂田,富豪花园,北,龙岗区-坂田-富豪花园,10.68㎡,1360
盐田区-盐田港,臻湾云庭,4室2厅2卫,145.00,东,6000
南山区-西丽,桃源村一期,4室1厅1卫,6.00,东南,1290
龙岗区-布吉大芬,桂芳园七期,4室1厅2卫,7.30,东南,1130
南山区-科技园,赛百诺基因科技大厦,1室1厅1卫,30.00,南,3300
南山区-后海,南油A区,5室1厅2卫,9.20,西,1590
福田区-梅林,锦林新居,3室2厅1卫,82.00,南,6400
福田区-皇岗,金地名津,2室1厅1卫,62.00,南,8000
南山区-前海,雷圳碧榕湾海景花园,3室2厅2卫,90.00,南,8800
罗湖区-翠竹,阳光天地家园,1室0厅1卫,27.00,北,2800
坪山区-坪山,大东城二期,3室2厅2卫,87.00,南,4300
罗湖区-新秀,新秀村南区,3室1厅1卫,107.00,南,5300
龙岗区-布吉街,阳光花园二期,3室2厅1卫,87.00,南,4600
南山区-南头,麒麟花园A区,4室1厅2卫,12.98,北,1930
坪山区-坪山,深业东城上邸,5室2厅2卫,89.00,南,4200
南山区-西丽,龙都花园,4室1厅1卫,7.90,东,1430
南山区-前海,前海润峯府,3室2厅2卫,110.00,东,16800
福田区-石厦,南方国际广场,1室1厅1卫,34.00,北,4000
龙岗区-布吉街,德兴城花园,4室1厅1卫,7.90,东,1130
宝安区-西乡,万象中心,2室1厅1卫,44.00,南,4700
南山区-西丽,珠光花半里,4室1厅2卫,8.80,北,1860
龙岗区-龙岗中心城,仁恒梦公园,1室1厅1卫,28.00,东北,2300
福田区-香梅北,特发小区,3室2厅1卫,77.85,南,7800
宝安区-西乡,碧海湾花园,4室1厅2卫,14.50,东南,1690
龙岗区-龙岗中心城,尚景花园,3室2厅2卫,103.00,南,3600
南山区-前海,前海天境花园,4室2厅2卫,139.00,南,20000
南山区-华侨城,世界花园海华居,2室1厅1卫,48.00,东南,6500
南山区-前海,前海花园三期,3室2厅1卫,89.00,西,7500
南山区-南山中心,南光城市花园,4室1厅2卫,10.10,西,2490
龙华区-龙华中心,鸿荣源·壹成中心十区,3室2厅2卫,92.86,南,8000
大鹏新区-大鹏半岛,承翰半山海,1室1厅1卫,36.00,西南,1700
罗湖区-翠竹,龙屋小区,东,罗湖区-翠竹-龙屋小区,8.00㎡,1290
福田区-上步,国企大厦,2室1厅1卫,83.55,西北,6000
福田区-园岭,园岭新村,南,福田区-园岭-园岭新村,12.70㎡,2030
宝安区-松岗,中海西岸华府北区,4室2厅2卫,126.00,南,4200
南山区-科技园,深南花园,北,南山区-科技园-深南花园,6.89㎡,1890
龙岗区-大运新城,海逸雅居,2室2厅2卫,69.00,东南,3600
福田区-新洲,怡和楼,东,福田区-新洲-怡和楼,10.78㎡,1760
南山区-西丽,宝珠花园,东,南山区-西丽-宝珠花园,6.90㎡,1590
龙岗区-大运新城,启迪协信科技园,3室2厅1卫,61.94,南,3800
南山区-南山中心,友邻公寓,2室1厅1卫,58.00,南,6200
南山区-白石洲,祥祺花园,8室1厅0卫,25.00,北,3000
龙岗区-平湖,华南西苑,3室1厅1卫,44.00,西北,2800
南山区-南山中心,西海明珠,北,南山区-南山中心-西海明珠,12.79㎡,3460
宝安区-宝安中心,天悦龙庭二期,4室1厅2卫,6.81,西,1830
龙岗区-坂田,万科第五园四期,2室2厅1卫,70.00,南,5600
福田区-福田中心,星河世纪,1室1厅1卫,42.00,西,6600
龙岗区-横岗,锦荟PARK,5室1厅2卫,8.07,东,1260
罗湖区-百仕达,东安花园,4室1厅2卫,12.80,南,1969
光明区-公明,天汇时代花园一期,5室1厅3卫,11.26,西,1590
龙岗区-坂田,佳兆业城市广场五期,4室1厅2卫,10.02,南,2357
宝安区-碧海,松茂御龙湾雅苑一期,1室1厅1卫,49.00,西南,5100
南山区-西丽,水木华庭,4室1厅2卫,8.50,北,1830
南山区-科技园,通讯小区,3室2厅1卫,86.63,南 北,9000
南山区-南山中心,海典居,4室1厅2卫,11.70,南,2290
南山区-前海,一湾臻邸,4室2厅2卫,112.17,东南,17500
宝安区-航城,领航城领秀花园,3室2厅2卫,89.00,南 北,6500
福田区-竹子林,建业小区南区,3室2厅1卫,88.00,南 北,5500
南山区-西丽,宝珠花园,3室2厅2卫,101.00,南,7500
福田区-石厦,瑞和园,东,福田区-石厦-瑞和园,10.52㎡,2230
光明区-公明,福盈中央山,4室2厅2卫,106.00,东南,4350
南山区-前海,星海名城一期五组团,2室2厅1卫,70.00,南,6800
南山区-后海,南油B区,1室1厅1卫,37.00,东南 南,4300
龙华区-梅林关,万家灯火,3室2厅2卫,90.67,东南 西北,5500
南山区-深圳湾,恒裕深圳湾,4室2厅1卫,230.00,东南 南,50000
坪山区-坪山,坪山首座,3室1厅1卫,82.39,东南,3300
龙岗区-坂田,万科城四期,3室2厅2卫,122.77,南,7600
福田区-新洲,福昌苑,北,福田区-新洲-福昌苑,11.80㎡,1990
龙岗区-布吉南岭,安鸿峰景苑,3室2厅1卫,87.42,南,4200
盐田区-盐田港,二期御景佳园,3室2厅2卫,89.00,南,5000
福田区-梅林,银海苑,3室2厅1卫,84.00,北,7200
福田区-银湖,新阁小区,1室0厅1卫,37.00,南,2400
宝安区-翻身,富源花园,东南,宝安区-翻身-富源花园,9.60㎡,1830
龙岗区-龙岗中心城,雅豪祥苑,2室1厅1卫,66.01,东南,2600
南山区-华侨城,海景花园,西,南山区-华侨城-海景花园,7.22㎡,1890
罗湖区-万象城,幸福里雅居,3室2厅2卫,146.00,南 北,17500
龙岗区-坂田,佳兆业城市广场五期,4室2厅2卫,89.00,南,8000
坪山区-坪山,丹梓龙庭,2室2厅1卫,69.00,南,2120
罗湖区-莲塘,鹏兴花园二期,4室2厅3卫,210.04,南 北,14000
南山区-前海,瑞景华庭,北,南山区-前海-瑞景华庭,55.00㎡,5560
南山区-南头,御成府,1室1厅1卫,54.00,东 南,7600
南山区-南头,御成府,1室0厅0卫,38.00,北,6100
南山区-南山中心,华联城市商务中心,1室1厅1卫,30.00,东,5000
南山区-大学城,留仙居南A区,4室1厅2卫,8.10,北,1860
宝安区-翻身,海岸悦府,5室1厅2卫,6.48,西南,1630
盐田区-沙头角,三环宿舍,1室1厅1卫,48.32,东南,2800
福田区-新洲,公路局宿舍新洲小区,3室2厅1卫,80.44,南,5500
光明区-公明,中粮云景广场,2室1厅1卫,48.00,北,3400
福田区-竹子林,建业小区南区,3室2厅1卫,85.00,南,5600
龙岗区-龙岗双龙,深房传麒尚林,4室2厅2卫,89.00,南,4000
福田区-上下沙,碧海红树园,南,福田区-上下沙-碧海红树园,13.30㎡,3490
宝安区-福永,金石雅苑,3室2厅1卫,106.00,东南,4500
龙岗区-龙岗中心城,金地龙城中央一期,3室2厅2卫,88.07,西南,4000
宝安区-宝安中心,幸福海岸一期,东北,宝安区-宝安中心-幸福海岸一期,7.30㎡,1760
福田区-上下沙,鸿景湾名苑,南,福田区-上下沙-鸿景湾名苑,15.20㎡,2790
龙华区-红山,龙光玖钻,1室2厅2卫,39.53,西北,4700
南山区-南头,旺海怡苑,南,南山区-南头-旺海怡苑,9.53㎡,2130
龙岗区-布吉南岭,万科公园6号,3室1厅2卫,85.78,西南,5500
坪山区-坪山,金田风华苑,1室2厅1卫,56.00,东南 南,2200
龙华区-龙华中心,壹成中心第三区,3室1厅1卫,81.00,西南,5890
南山区-红树湾,世纪村四期,1室1厅1卫,50.00,东南,6500
南山区-南山中心,荟芳园,东,南山区-南山中心-荟芳园,10.08㎡,2260
龙岗区-龙岗宝荷,振业峦山谷,2室2厅1卫,81.00,南,3100
罗湖区-翠竹,贝丽花园,南,罗湖区-翠竹-贝丽花园,12.40㎡,1833
福田区-梅林,凯丰花园一期,4室1厅1卫,11.70,南,1590
南山区-蛇口,东帝海景家园,4室2厅2卫,138.00,南,14500
福田区-梅林,绿景虹湾,3室1厅1卫,66.00,东北,8000
南山区-科技园,汇景豪苑,3室1厅1卫,10.11,北,2190
龙华区-梅林关,汇龙苑,3室2厅1卫,77.00,南,6000
宝安区-碧海,玉湖湾,4室2厅2卫,89.00,南,7600
龙岗区-坂田,万科金色半山,3室2厅1卫,89.05,南,6000
南山区-大学城,华晖云门,4室1厅2卫,13.86,西,2860
南山区-西丽,珠光花半里,4室1厅2卫,8.00,南,1630
宝安区-宝安中心,金泓凯旋城一期,3室2厅2卫,134.12,东南,15000
龙岗区-坂田,万科四季花城三期,2室2厅1卫,74.00,东,5600
宝安区-宝安中心,天健时尚空间名苑,4室1厅2卫,8.10,西南,1860
盐田区-沙头角,新天富山海华庭,3室2厅2卫,94.71,东北,5200
龙华区-坂田,春华四季园二期,6室2厅4卫,140.62,南 北,13000
龙岗区-布吉水径,中海怡翠山庄四期,5室1厅2卫,10.30,西,1330
龙华区-梅林关,新彩苑,1室1厅1卫,34.27,西南,4500
罗湖区-螺岭,锦绣大厦,1室1厅1卫,52.00,南,4500
福田区-福田中心,黄埔雅苑一期,5室2厅2卫,156.00,东北,16000
福田区-车公庙,君临天下,2室1厅1卫,65.48,南,8000
福田区-皇岗,福民新村,南,福田区-皇岗-福民新村,13.20㎡,1930
盐田区-沙头角,沙副小区,3室2厅1卫,89.00,东南 南,3500
龙岗区-龙岗中心城,金地龙城中央三期,1室1厅1卫,39.00,东南,2300
罗湖区-地王,宝丽大厦,4室2厅1卫,90.00,南,6200
宝安区-福永,会展湾水岸,1室0厅1卫,34.00,北,2300
龙岗区-龙岗中心城,远洋新干线晶钻广场,5室2厅2卫,65.00,南,3500
南山区-西丽,珠光花半里,南,南山区-西丽-珠光花半里,7.28㎡,1630
罗湖区-地王,龙园创展大厦,1室0厅1卫,78.00,北,6000
宝安区-翻身,海天花园,东北,宝安区-翻身-海天花园,7.90㎡,1490
宝安区-宝安中心,第五大道高发西岸花园一期,南,宝安区-宝安中心-第五大道高发西岸花园一期,14.09㎡,2530
龙岗区-平湖,融湖中心城一期,2室2厅1卫,73.00,东北,4500
龙华区-坂田,春华四季园二期,东,龙华区-坂田-春华四季园二期,10.24㎡,1530
南山区-蛇口,海景广场,4室2厅2卫,240.00,南,21000
福田区-皇岗,福民新村,南,福田区-皇岗-福民新村,11.72㎡,2160
龙华区-龙华中心,鸿荣源尚云,北,龙华区-龙华中心-鸿荣源尚云,88.93㎡,7760
南山区-大学城,京基御景峯,3室2厅2卫,116.00,西南,10500
龙华区-龙华中心,美丽365花园,东,龙华区-龙华中心-美丽365花园,15.14㎡,1990
福田区-赤尾,京基御景华城,1室0厅1卫,35.00,北,3900
南山区-大学城,丽新花园,北,南山区-大学城-丽新花园,9.52㎡,1960
盐田区-盐田港,新三村家园,4室2厅2卫,124.00,南,5500
南山区-科技园,凯丽花园,北,南山区-科技园-凯丽花园,11.57㎡,2130
福田区-车公庙,富通九曜公馆,2室1厅1卫,66.41,西南,11000
南山区-蛇口,蓬莱花园,北,南山区-蛇口-蓬莱花园,9.80㎡,1930
南山区-科技园,大冲城市花园,4室1厅2卫,12.90,南,4460
龙岗区-龙岗中心城,恒明ONE,2室1厅1卫,42.74,北,3000
宝安区-宝安中心,西城上筑,4室1厅2卫,8.70,北,2160
南山区-西丽,桃源村二期,3室2厅1卫,93.22,北,6500
龙华区-龙华新区,金地梅陇镇二期,2室1厅1卫,76.00,东南 南,5000
龙岗区-龙岗中心城,新鸿进花园,2室2厅1卫,69.00,南 北,2600
宝安区-石岩,宏发世纪城二期,4室2厅2卫,88.00,南,5800
宝安区-桃源居,佳兆业樾伴山,3室2厅2卫,89.00,西南,5200
龙华区-红山,龙光玖钻,3室2厅2卫,72.00,西南,6200
光明区-光明,中海寰宇时代花园,西,光明区-光明-中海寰宇时代花园,8.80㎡,1330
罗湖区-布心,太阳新城,2室2厅1卫,68.60,南,5500
南山区-前海,星海名城六期,北,南山区-前海-星海名城六期,15.30㎡,2860
盐田区-梅沙,水云间雅居,1室1厅1卫,52.00,南,2400
南山区-科技园,松坪村东区三期,2室1厅1卫,59.26,东南 南,6300
南山区-蛇口,招商海琴花园,4室2厅2卫,140.00,南,13000
罗湖区-地王,广场北街小区,东,罗湖区-地王-广场北街小区,17.20㎡,2230
福田区-竹子林,越海家园,东,福田区-竹子林-越海家园,14.10㎡,3390
龙岗区-布吉街,青青家园,2室2厅2卫,103.00,东南,3600
罗湖区-螺岭,华丽花园,东,罗湖区-螺岭-华丽花园,7.51㎡,1460
南山区-蛇口,蓝月湾畔,南,南山区-蛇口-蓝月湾畔,12.50㎡,3060
龙岗区-龙岗宝荷,京基御景荟都,1室1厅1卫,35.00,西北,1800
龙华区-龙华中心,壹成中心第二区,3室2厅2卫,93.49,东南,8500
罗湖区-螺岭,环岛丽园,2室2厅1卫,70.00,东南,6500
宝安区-翻身,石鸿融景园,东南,宝安区-翻身-石鸿融景园,9.46㎡,1760
南山区-白石洲,侨城馨苑,西,南山区-白石洲-侨城馨苑,84.27㎡,7990
南山区-后海,龙城花园,3室1厅1卫,6.30,南,1590
龙华区-红山,龙光玖钻,2室2厅2卫,53.00,东南,5700
福田区-梅林,振业梅苑,3室2厅1卫,81.00,南,6300
龙华区-龙华中心,壹成中心第六区,4室2厅2卫,86.57,东南,7500
宝安区-西乡,富瑰园,3室2厅2卫,142.00,南,5900
龙岗区-龙岗双龙,德沁苑,3室2厅1卫,86.00,南,4200
坪山区-坪山,保利明玥澜岸花园,1室1厅1卫,36.00,东,2100
南山区-前海,泛海城市广场,3室1厅1卫,120.00,东南,9600
南山区-红树湾,中信红树湾北区,1室1厅1卫,55.00,西北 北,7600
罗湖区-地王,电影大厦,1室0厅1卫,36.87,南,3200
龙岗区-龙岗中心城,阅山华府,3室2厅1卫,88.77,东南,4500
龙岗区-龙岗宝荷,金地名峰,4室2厅2卫,89.36,西北,3600
龙岗区-布吉街,宝龙花园,3室2厅2卫,116.00,东南,4500
龙华区-龙华中心,鸿荣源尚云,北,龙华区-龙华中心-鸿荣源尚云,88.93㎡,7760
光明区-公明,中粮云景花园南区,2室1厅1卫,72.00,西南,3900
福田区-福田中心,福莲花园,1室2厅1卫,70.00,南,6600
龙华区-龙华中心,美丽365花园,东,龙华区-龙华中心-美丽365花园,15.14㎡,1990
龙华区-龙华中心,壹成中心第五区,3室2厅1卫,73.00,南,6000
福田区-梅林,先科花园,1室0厅1卫,39.00,北,2800
坪山区-坪山,深城投中城花园,3室2厅2卫,138.00,东南,5600
罗湖区-笋岗,田心庆云花园,3室1厅1卫,94.59,南,6500
龙岗区-大运新城,启迪协信科技园,2室2厅1卫,67.27,南 北,4300
宝安区-沙井,鸿荣源珈誉府2区,3室2厅2卫,85.00,西南,6500
南山区-南山中心,华联城市商务中心,1室1厅1卫,33.03,南,4800
宝安区-新安,安华35区商住楼,2室1厅1卫,82.00,西南,4300
福田区-莲花,宝莲大厦,3室2厅1卫,103.00,东北,7500
福田区-华强北,宝树台,2室1厅1卫,46.00,东南,7500
龙华区-梅林关,万科金域华府,3室2厅1卫,81.00,西南,8500
宝安区-福永,金石雅苑,2室2厅1卫,62.00,西南,3400
龙华区-梅林关,丰泽湖山庄,2室2厅1卫,85.00,南,6200
南山区-大学城,丽新花园,北,南山区-大学城-丽新花园,9.52㎡,1960
南山区-蛇口,澳城1618一期,4室2厅2卫,132.80,南,18000
南山区-科技园,凯丽花园,北,南山区-科技园-凯丽花园,11.57㎡,2130
龙岗区-坪地,创城宜城风景,3室1厅1卫,83.00,南 西南,3200
南山区-蛇口,蓬莱花园,北,南山区-蛇口-蓬莱花园,9.80㎡,1930
福田区-华强北,滨江爱义南方大厦,1室1厅1卫,50.00,北,7500
宝安区-宝安中心,西城上筑,4室1厅2卫,8.70,北,2160
福田区-华强北,通新岭,4室2厅2卫,140.00,南,15000
罗湖区-春风路,云景豪园,3室2厅2卫,121.06,东南,8800
宝安区-碧海,幸福港湾,2室1厅1卫,64.00,西南,5300
罗湖区-笋岗,裕华小区,2室1厅1卫,70.00,南,3800
宝安区-松岗,松河瑞园一期,2室1厅1卫,46.00,西南,3400
福田区-皇岗,京隆苑,1室0厅1卫,30.00,南,3100
龙华区-红山,华业玫瑰四季馨园一期,北,龙华区-红山-华业玫瑰四季馨园一期,8.80㎡,1560
龙岗区-龙岗双龙,满京华喜悦里,3室2厅2卫,71.00,西南,3800
宝安区-西乡,南航明珠花园,东,宝安区-西乡-南航明珠花园,14.31㎡,1830
宝安区-翻身,中商花园,西北,宝安区-翻身-中商花园,6.05㎡,1260
龙华区-梅林关,丰泽湖山庄,2室2厅1卫,86.00,东南,6500
罗湖区-莲塘,畔山花园,3室1厅1卫,89.00,南 北,4900
福田区-石厦,福田花园,西,福田区-石厦-福田花园,8.30㎡,1790
龙岗区-大运新城,海逸雅居,3室2厅1卫,97.00,东南,4000
南山区-前海,新德家园,2室1厅1卫,36.00,南,5500
龙华区-龙华新区,万福花园,3室2厅1卫,85.13,东南,6500
南山区-南山中心,金晖大厦,东,南山区-南山中心-金晖大厦,48.84㎡,5260
罗湖区-万象城,城市天地广场,1室1厅1卫,51.00,南,4800
南山区-前海,月亮湾花园,北,南山区-前海-月亮湾花园,9.81㎡,1730
宝安区-宝安中心,鸿荣源·壹方中心·玖誉,4室2厅2卫,220.00,西南,28000
南山区-南山中心,永安公寓,1室0厅1卫,37.00,南 西南,2500
罗湖区-黄贝岭,合正荣悦,2室1厅1卫,67.00,西南,8000
南山区-西丽,润城花园,南,南山区-西丽-润城花园,8.00㎡,1990
龙岗区-布吉水径,中海怡翠山庄一期,3室2厅2卫,90.00,南,4100
龙岗区-坂田,万科四季花城一期,南,龙岗区-坂田-万科四季花城一期,15.23㎡,2030
南山区-白石洲,侨城豪苑二期,2室2厅1卫,78.00,南,6300
龙岗区-坂田,佳兆业中央广场一期,北,龙岗区-坂田-佳兆业中央广场一期,8.90㎡,1560
南山区-后海,京光海景花园,东,南山区-后海-京光海景花园,14.10㎡,2790
南山区-南山中心,南海大厦,2室1厅1卫,30.00,南,5200
龙岗区-龙岗宝荷,碧桂园观麓花园,3室2厅2卫,89.00,西南,4000
南山区-蛇口,爱榕园,4室1厅1卫,6.60,北,1560
宝安区-碧海,华丰前海湾二期,3室2厅2卫,89.00,东南,7500
,未知小区,1室0厅1卫,25.00,2间在租,1099
,未知小区,1室0厅1卫,25.00,1间在租,1199
罗湖区-地王,建设集团宿舍,3室1厅1卫,72.00,东,5500
福田区-上下沙,京基滨河时代广场南区,5室2厅2卫,182.29,南,17000
,未知小区,1室0厅1卫,25.00,1间在租,1199
龙岗区-龙岗中心城,顺景花园,3室2厅2卫,107.00,南,3800
罗湖区-春风路,向西大厦,4室2厅2卫,128.00,东 东南,7800
龙华区-红山,龙光玖钻,2室1厅1卫,39.68,东南,4600
,未知小区,1室0厅1卫,25.00,1间在租,1199
龙岗区-布吉大芬,星都豪庭,3室2厅1卫,87.00,东南,6200
,未知小区,1室0厅1卫,25.00,1间在租,1199
龙岗区-布吉街,德福花园,2室2厅1卫,78.21,南,4000
龙华区-龙华中心,卓越和奕府,3室2厅2卫,97.54,东南,7400
,未知小区,1室0厅1卫,25.00,2间在租,1099
龙华区-红山,金亨利瑜璟苑,4室2厅2卫,93.00,南,15000
,未知小区,1室0厅1卫,25.00,1间在租,1199
罗湖区-黄贝岭,合正荣悦,2室2厅1卫,82.00,南,8300
盐田区-盐田港,海川阁,1室1厅1卫,48.00,南,3000
,未知小区,1室0厅1卫,24.00,1间在租,1099
龙华区-红山,幸福枫景,3室2厅2卫,88.50,东南,5800
,未知小区,1室0厅1卫,24.00,1间在租,1099
,未知小区,1室0厅1卫,24.00,1间在租,1099
宝安区-新安,福城·前海新纪元,3室2厅1卫,86.00,东南,7200
福田区-福田中心,皇洲花园,3室2厅1卫,82.16,南,6000
,未知小区,1室0厅1卫,24.00,1间在租,1099
,未知小区,1室1厅1卫,40.00,1间在租,1599
罗湖区-百仕达,旭飞华达园,2室1厅1卫,40.26,西南,4300
龙岗区-龙岗中心城,仁恒梦公园,1室0厅1卫,38.00,东南,2600
,未知小区,1室1厅1卫,25.00,1间在租,1599
福田区-车公庙,泰康轩,1室1厅1卫,39.00,西南,5000
南山区-前海,天朗风清,西,南山区-前海-天朗风清,11.00㎡,2630
福田区-八卦岭,鹏益花园,3室1厅2卫,60.00,南,5500
宝安区-新安,宝民花园(新安),北,宝安区-新安-宝民花园(新安),19.02㎡,1830
南山区-科技园,阳光带海滨城一期,东,南山区-科技园-阳光带海滨城一期,21.60㎡,3730
南山区-南山中心,深航飞行员公寓,北,南山区-南山中心-深航飞行员公寓,7.81㎡,1890
龙华区-红山,莱蒙水榭春天一期,南,龙华区-红山-莱蒙水榭春天一期,7.34㎡,1560
福田区-景田,香蜜三村,北,福田区-景田-香蜜三村,7.48㎡,1890
龙岗区-布吉街,宝龙花园,3室2厅2卫,116.00,东南,4500
龙岗区-布吉街,宝龙花园,3室2厅2卫,116.00,东南,5000
龙岗区-布吉街,宝龙花园,3室2厅2卫,116.00,东 东南,5000
龙岗区-布吉街,宝龙花园,3室2厅2卫,116.00,东 东南,5000
罗湖区-万象城,城市天地广场,1室1厅1卫,53.00,北,4600
南山区-白石洲,侨城馨苑,1室1厅1卫,60.00,南,5300
宝安区-碧海,碧海富通城六期,西,宝安区-碧海-碧海富通城六期,5.70㎡,1290
龙华区-梅林关,书香门第上河坊,2室1厅1卫,52.00,东南,4700
龙华区-观澜,奥宸观壹城,3室2厅1卫,79.00,南,4500
福田区-车公庙,泰康轩,北,福田区-车公庙-泰康轩,35.47㎡,5290
南山区-华侨城,中旅广场,3室2厅2卫,114.00,南,9600
罗湖区-莲塘,莲塘D小区,4室1厅1卫,120.01,南,5400
罗湖区-罗湖口岸,港逸豪庭,3室2厅1卫,91.23,北,6500
龙岗区-布吉街,宝龙花园,3室2厅2卫,116.00,东南,5000
龙岗区-布吉街,宝龙花园,3室2厅2卫,116.00,东南,4500
南山区-科技园,豪方现代豪园,北,南山区-科技园-豪方现代豪园,9.70㎡,2390
南山区-南山中心,万象新园,1室1厅1卫,38.00,北,4500
龙岗区-坂田,万科四季花城二期,西,龙岗区-坂田-万科四季花城二期,8.50㎡,1530
宝安区-宝安中心,幸福海岸二期,北,宝安区-宝安中心-幸福海岸二期,16.05㎡,3290
福田区-梅林,御锦公馆,1室0厅1卫,19.77,南,3600
南山区-华侨城,世界花园米兰居,南,南山区-华侨城-世界花园米兰居,14.05㎡,2860
宝安区-西乡,碧海名园,3室2厅1卫,80.09,西南,5130
南山区-南山中心,缤纷假日豪园,3室2厅2卫,119.43,东南,11000
,未知小区,1室0厅1卫,25.00,1间在租,1779
龙岗区-大运新城,佳兆业未来时代大厦,2室2厅1卫,62.00,东,3500
罗湖区-东门,耀华楼,2室1厅1卫,61.00,南,3300
龙岗区-龙岗中心城,碧湖花园,4室2厅2卫,197.54,南,5800
福田区-华强南,飞扬时代大厦,1室1厅1卫,38.00,东,3800
龙岗区-坂田,万科四季花城二期,3室2厅2卫,99.88,南 北,6500
南山区-后海,深蓝公寓,2室1厅1卫,60.54,东南,7000
龙华区-龙华中心,玺园,4室2厅2卫,89.00,南,8000
,未知小区,1室0厅1卫,25.00,1间在租,1441
,未知小区,1室0厅1卫,25.00-30.00,2间在租,1453-1600
龙岗区-布吉大芬,中兆花园,3室2厅1卫,68.00,西,3600
南山区-前海,心语家园,1室1厅1卫,40.34,东,4500
罗湖区-地王,港岛银座,1室1厅1卫,42.00,东北,4200
福田区-香梅北,特发小区,2室1厅1卫,65.00,南 北,6300
福田区-莲花,深业上城,4室2厅4卫,360.00,南,55000
大鹏新区-大鹏半岛,KPR佳兆业广场,1室2厅1卫,57.00,东北,2200
盐田区-沙头角,上东湾,3室2厅1卫,59.00,东南,5500
,未知小区,1室0厅1卫,20.00,1间在租,1162
罗湖区-地王,红群楼,3室2厅1卫,80.00,南,4700
坪山区-坪山,澜湾花园,3室2厅2卫,100.00,东南,3300
龙岗区-大运新城,森雅谷,2室1厅1卫,50.00,西南,2600
龙华区-红山,中央原著,4室2厅2卫,144.81,东南,10800
龙岗区-坂田,佳华领汇广场king公馆,1室1厅1卫,39.00,西北,3900
福田区-福田中心,福华新村,2室1厅1卫,69.00,南,6600
福田区-华强南,桐林公寓,1室0厅1卫,24.37,东北,3200
罗湖区-布心,雍翠华府,2室1厅1卫,44.00,北,4500
罗湖区-地王,西湖大厦,1室1厅1卫,60.00,东,4000
,未知小区,1室0厅1卫,23.00,1间在租,1144
龙岗区-龙岗宝荷,中海阳光橡树园,3室2厅1卫,81.00,东南,4300
宝安区-翻身,金成名苑,2室2厅1卫,79.00,西南,5500
宝安区-福永,广福大厦,3室2厅1卫,98.22,东南 南,3700
罗湖区-莲塘,聚福花园二期,3室2厅2卫,121.00,东南 南,6500
,未知小区,1室0厅1卫,25.00,1间在租,1099
,未知小区,1室0厅1卫,25.00,1间在租,1099
,未知小区,1室0厅1卫,25.00,1间在租,1099
龙华区-红山,盛荟居,3室2厅2卫,89.00,南,6400
龙华区-观澜,观湖园,4室2厅3卫,190.47,南,9900
福田区-八卦岭,旭飞花园,1室1厅1卫,29.00,南,2300
,未知小区,1室1厅1卫,36.00,2间在租,2400
福田区-竹子林,建业大厦,3室1厅1卫,82.29,南 北,7800
,未知小区,1室0厅1卫,25.00,3间在租,1199
龙岗区-横岗,水晶之城三期,3室2厅1卫,82.00,西南,3100
福田区-园岭,南国大厦,3室2厅1卫,115.00,东,7500
,未知小区,1室0厅1卫,25.00,2间在租,1199
罗湖区-百仕达,东乐花园,3室2厅1卫,87.00,西南,5500
龙岗区-龙岗宝荷,振业峦山谷,2室2厅1卫,89.00,南,3200
宝安区-福永,会展湾水岸,2室2厅1卫,58.00,南,4000
南山区-西丽,梅州大厦,1室1厅1卫,47.00,北,4000
南山区-前海,星海名城五期,6室1厅5卫,15.00,南,2790
,未知小区,1室0厅1卫,23.00,2间在租,1200
龙华区-龙华中心,鸿荣源尚云,3室2厅2卫,89.00,东南,7600
坪山区-坪山,深城投中心公馆,1室1厅1卫,33.00,西南,2200
,未知小区,1室0厅1卫,25.00,2间在租,1399
龙岗区-坪地,中骏云景府,3室2厅2卫,96.50,南,3600
罗湖区-万象城,城市天地广场,1室1厅1卫,50.43,南,5000
福田区-新洲,荔树人家,1室1厅1卫,45.00,南,5000
宝安区-西乡,天骄世家,3室2厅2卫,107.00,东南,6000
坪山区-坪山,心海城,4室2厅2卫,131.88,南,4900
,未知小区,1室1厅1卫,40.00,2间在租,1800
坪山区-坪山,润樾山,3室2厅1卫,89.00,东南,3600
,未知小区,1室0厅1卫,24.00,1间在租,1099
,未知小区,1室0厅1卫,25.00,1间在租,1099
龙岗区-龙岗中心城,公园大地三期,6室3厅3卫,167.88,东南 南,13500
,未知小区,1室0厅1卫,25.00,3间在租,1099
龙岗区-布吉大芬,鹏城悦里名城汇,2室2厅1卫,73.00,东南,3500
,未知小区,1室0厅1卫,25.00,1间在租,1199
福田区-梅林,艺丰花园A区,3室2厅1卫,103.64,南,6800
龙华区-龙华中心,天玑公馆,2室1厅1卫,36.00,南,3420
,未知小区,1室0厅1卫,25.00,1间在租,1199
龙华区-观澜,中森公园华府,4室2厅2卫,126.00,南 北,6800
,未知小区,1室0厅1卫,25.00,1间在租,1199
,未知小区,1室0厅1卫,25.00,1间在租,1199
,未知小区,1室0厅1卫,25.00,1间在租,1099
龙岗区-布吉街,德福花园,1室1厅1卫,47.00,南,2400
龙华区-观澜,招商锦绣观园,2室2厅1卫,63.34,东 东北,3200
龙岗区-横岗,信义御城,2室1厅1卫,49.28,东北,3200
,未知小区,1室0厅1卫,25.00,1间在租,1099
,未知小区,1室0厅1卫,25.00,1间在租,1099
宝安区-西乡,流塘阳光花园,2室1厅1卫,46.00,东北,4800
罗湖区-罗湖口岸,庐山花园,1室0厅1卫,24.00,北,2500
龙华区-龙华中心,卓越和奕府,3室2厅2卫,97.00,西南,7600
,未知小区,1室0厅1卫,25.00,2间在租,1210
罗湖区-莲塘,云景梧桐花园,7室2厅6卫,284.66,南,50000
福田区-景田,景田南小区,3室2厅1卫,83.00,南 北,6500
龙岗区-龙岗中心城,东方明珠城,3室2厅2卫,94.00,北,3700
盐田区-沙头角,海都花园,2室1厅1卫,91.00,东南 南,4100
龙岗区-坂田,华晖瑞禧,3室2厅1卫,89.56,南,7000
龙岗区-龙岗中心城,鸿进花园,4室1厅1卫,97.65,东南,3400
罗湖区-地王,名仕阁,1室1厅1卫,36.00,北,4000
盐田区-盐田港,二期御景佳园,3室2厅2卫,89.00,东北,5300
,未知小区,1室1厅1卫,40.00,1间在租,2199
,未知小区,2室1厅1卫,70.00,3间在租,3899
,未知小区,1室1厅1卫,28.00,2间在租,2000
龙岗区-龙岗宝荷,京基御景荟都,2室1厅1卫,61.83,东,3000
宝安区-碧海,华丰前海湾二期,4室2厅1卫,89.00,南,8600
龙华区-红山,龙光玖钻,2室2厅2卫,39.65,南,4800
宝安区-西乡,安源居,2室1厅1卫,83.00,西南,4500
龙华区-梅林关,龙悦居四期,2室2厅1卫,63.30,东南,4845
龙华区-龙华新区,金地梅陇镇二期,5室2厅2卫,138.00,西南,9800
福田区-福田中心,岗厦汇花园,1室1厅1卫,45.00,南,7800
南山区-后海,龙滨花园,3室1厅1卫,88.00,南,6200
龙华区-上塘,潜龙曼海宁花园北区,1室0厅1卫,30.99,东南,3400
龙岗区-龙岗中心城,名居广场,1室0厅1卫,32.00,东南,1999
罗湖区-莲塘,小鹏兴花园,2室1厅1卫,45.00,南,4000
宝安区-新安,弘雅花园雅豪轩三期,4室2厅2卫,109.68,东北,7500
,未知小区,1室0厅1卫,28.00,1间在租,1650
福田区-上下沙,京基滨河时代广场北区,1室1厅1卫,43.00,南,6800
南山区-西丽,宝珠花园,南,南山区-西丽-宝珠花园,12.00㎡,2060
南山区-西丽,俊峰丽舍,东南,南山区-西丽-俊峰丽舍,11.50㎡,3290
南山区-西丽,润城花园,北,南山区-西丽-润城花园,6.76㎡,1590
龙岗区-龙岗中心城,万科天誉二期,3室2厅2卫,88.10,东南,4800
宝安区-松岗,松河瑞园一期,4室2厅2卫,120.00,南,4600
南山区-华侨城,深铁懿府一期,4室2厅2卫,112.00,南,20000
宝安区-西乡,73区,3室2厅1卫,79.00,东南,4150
龙岗区-坂田,和成金竹家园,3室2厅1卫,88.00,北,7500
龙岗区-横岗,信义锦绣花园,2室2厅1卫,71.74,东南,4000
,未知小区,1室1厅1卫,38.00,3间在租,2299
,未知小区,1室1厅1卫,40.00,3间在租,2399
,未知小区,1室1厅1卫,40.00,1间在租,2099
龙华区-龙华中心,华侨城四海华亭,3室2厅2卫,96.00,东南,6600
,未知小区,1室0厅1卫,25.00,1间在租,1199
,未知小区,1室0厅1卫,25.00,1间在租,1199
南山区-科技园,深圳湾创新科技中心,2室1厅1卫,55.00,北,8600
南山区-红树湾,中信红树湾北区,1室1厅1卫,55.00,西北 北,7600
,未知小区,1室0厅1卫,25.00,2间在租,1199
,未知小区,1室0厅1卫,25.00,1间在租,1199
,未知小区,1室0厅1卫,25.00,1间在租,1199
罗湖区-地王,电影大厦,1室0厅1卫,36.87,南,3200
,未知小区,1室0厅1卫,25.00,1间在租,1199
龙岗区-龙岗中心城,阅山华府,3室2厅1卫,88.77,东南,4500
龙岗区-龙岗宝荷,金地名峰,4室2厅2卫,89.36,西北,3600
龙岗区-布吉街,宝龙花园,3室2厅2卫,116.00,东南,4500
光明区-公明,中粮云景花园南区,2室1厅1卫,72.00,西南,3900
福田区-福田中心,福莲花园,1室2厅1卫,70.00,南,6600
龙华区-龙华中心,壹成中心第五区,3室2厅1卫,73.00,南,6000
,未知小区,1室0厅1卫,25.00,1间在租,1199
,未知小区,1室1厅1卫,40.00,1间在租,1899
福田区-梅林,先科花园,1室0厅1卫,39.00,北,2800
,未知小区,1室0厅1卫,23.70,3间在租,1199
坪山区-坪山,深城投中城花园,3室2厅2卫,138.00,东南,5600
,未知小区,1室0厅1卫,16.90,1间在租,1199
罗湖区-笋岗,田心庆云花园,3室1厅1卫,94.59,南,6500
,未知小区,1室0厅1卫,23.10,1间在租,1201
龙岗区-大运新城,启迪协信科技园,2室2厅1卫,67.27,南 北,4300
,未知小区,1室0厅1卫,25.00,1间在租,1199
宝安区-沙井,鸿荣源珈誉府2区,3室2厅2卫,85.00,西南,6500
南山区-南山中心,华联城市商务中心,1室1厅1卫,33.03,南,4800
,未知小区,1室0厅1卫,25.00,1间在租,1199
,未知小区,1室1厅1卫,40.00,1间在租,1599
龙岗区-坂田,万科城三期,东,龙岗区-坂田-万科城三期,8.14㎡,1260
宝安区-宝安中心,花样年花郡,2室1厅1卫,50.00,东南,6100
龙岗区-坂田,太阳雨家园,5室3厅3卫,186.81,南,11600
龙岗区-横岗,锦荟PARK,北,龙岗区-横岗-锦荟PARK,7.80㎡,1190
南山区-南山中心,海典居,4室1厅2卫,12.00,东南,2000
龙岗区-龙岗中心城,花半里,3室2厅2卫,109.00,南 北,4300
南山区-南头,荔林春晓,2室2厅1卫,83.88,西南,8600
龙岗区-坂田,佳兆业城市广场五期,1室1厅1卫,47.48,东,3600
福田区-华强北,桑达大厦,1室0厅1卫,33.00,南,3000
宝安区-西乡,福中福花园一期,3室1厅1卫,74.08,东北,5000
南山区-蛇口,桂园小区一区,南,南山区-蛇口-桂园小区一区,10.50㎡,1890
龙岗区-龙岗宝荷,碧桂园观麓花园,3室1厅2卫,89.00,东南,4200
龙岗区-坂田,万科四季花城三期,南,龙岗区-坂田-万科四季花城三期,16.30㎡,1990
龙岗区-平湖,融悦大厦,1室0厅1卫,36.00,西南,3000
南山区-蛇口,海欣花园,西,南山区-蛇口-海欣花园,8.00㎡,1760
龙岗区-平湖,融悦大厦,1室0厅1卫,36.00,东南,3000
龙岗区-布吉街,花语馨,3室2厅2卫,89.56,南 北,5500
罗湖区-罗湖口岸,幸福万象,2室1厅2卫,49.00,北,7500
龙岗区-横岗,锦荟PARK,3室2厅2卫,89.26,南,5200
南山区-南山中心,万象新园,西南,南山区-南山中心-万象新园,35.05㎡,5030
福田区-莲花,神彩苑,南,福田区-莲花-神彩苑,49.36㎡,4330
福田区-竹子林,建业小区南区,北,福田区-竹子林-建业小区南区,8.90㎡,1348
福田区-上步,国企大厦,西北,福田区-上步-国企大厦,10.90㎡,2530
福田区-福田中心,福岗园,3室2厅1卫,76.00,西北,11500
南山区-南山中心,现代城华庭,东北,南山区-南山中心-现代城华庭,25.00㎡,2790
龙华区-民治,深国际万科和风轩,3室2厅2卫,97.00,南,8200
福田区-景田,景新花园,4室1厅1卫,12.00,北,1990
宝安区-福永,深航幸福花园,3室2厅1卫,90.00,东南,5000
福田区-华强南,桐林公寓,1室0厅1卫,24.00,东南,3200
龙华区-红山,龙光玖钻,2室1厅1卫,53.00,南,6800
南山区-科技园,松坪村东区三期,2室1厅1卫,59.10,西北,5800
罗湖区-螺岭,华裕花园,3室2厅1卫,93.67,南,5000
南山区-后海,滨海之窗,西南,南山区-后海-滨海之窗,20.29㎡,4660
福田区-石厦,丽阳天下,南,福田区-石厦-丽阳天下,10.16㎡,3030
南山区-大学城,南国丽城,西,南山区-大学城-南国丽城,7.53㎡,1990
罗湖区-翠竹,深宝住宅区,南,罗湖区-翠竹-深宝住宅区,8.00㎡,1290
福田区-莲花,莲花一村,北,福田区-莲花-莲花一村,7.72㎡,1730
福田区-福田中心,岗厦天元花园,1室1厅1卫,94.39,东,18500
龙岗区-大运新城,颐安都会中央二期,南,龙岗区-大运新城-颐安都会中央二期,13.10㎡,1560
福田区-福田保税区,朗庭豪园,西,福田区-福田保税区-朗庭豪园,7.92㎡,1930
龙华区-龙华中心,鸿荣源尚云,3室2厅2卫,89.00,南,7300
宝安区-沙井,鸿荣源珈誉府2区,3室2厅2卫,85.00,南,5000
南山区-前海,前海时代广场,3室2厅1卫,88.00,南,9500
龙华区-龙华中心,鸿荣源·壹成中心十区,3室2厅2卫,92.86,南,8000
大鹏新区-大鹏半岛,承翰半山海,1室1厅1卫,36.00,西南,1700
福田区-上步,国企大厦,2室1厅1卫,83.55,西北,6000
南山区-蛇口,华彩花园,东,南山区-蛇口-华彩花园,7.35㎡,1730
福田区-福田中心,振业花园,南,福田区-福田中心-振业花园,14.50㎡,2590
宝安区-松岗,中海西岸华府北区,4室2厅2卫,126.00,南,4200
南山区-后海,文德福花园,北,南山区-后海-文德福花园,8.50㎡,2060
龙岗区-大运新城,海逸雅居,2室2厅2卫,69.00,东南,3600
龙岗区-大运新城,启迪协信科技园,3室2厅1卫,61.94,南,3800
南山区-南山中心,友邻公寓,2室1厅1卫,58.00,南,6200
南山区-白石洲,祥祺花园,8室1厅0卫,25.00,北,3000
龙岗区-平湖,华南西苑,3室1厅1卫,44.00,西北,2800
南山区-南头,顺天大厦,北,南山区-南头-顺天大厦,7.10㎡,1730
龙岗区-坂田,万科第五园四期,2室2厅1卫,70.00,南,5600
福田区-福田中心,星河世纪,1室1厅1卫,42.00,西,6600
龙岗区-布吉大芬,和通花园,西北,龙岗区-布吉大芬-和通花园,13.10㎡,1790
宝安区-碧海,松茂御龙湾雅苑一期,1室1厅1卫,49.00,西南,5100
龙岗区-龙岗双龙,怡龙枫景园,3室2厅1卫,89.00,东南,3200
福田区-福田中心,星河国际花园,2室1厅1卫,86.97,南,16900
,未知小区,1室0厅1卫,45.00,3间在租,1699
南山区-前海,佳兆业前海广场二期,4室2厅3卫,88.00,南,8000
龙岗区-龙岗中心城,金地龙城中央三期,2室2厅1卫,68.00,西北,3200
福田区-车公庙,国都高尔夫花园二期,3室1厅2卫,130.00,北,11000
龙华区-上塘,中海锦城,3室2厅2卫,89.00,东南,7200
福田区-竹子林,金众小区,3室2厅1卫,85.00,南 北,11000
,未知小区,1室0厅1卫,22.00,3间在租,1299
,未知小区,1室0厅1卫,36.00,3间在租,2099
龙岗区-龙岗中心城,远洋新干线二期,3室2厅2卫,89.00,东南,3500
南山区-前海,深业云海湾,3室2厅2卫,143.00,南,18000
南山区-前海,开云府,3室2厅2卫,124.00,东南,13000
南山区-南山中心,凯德公园1号,2室1厅1卫,88.00,东南,11800
,未知小区,2室1厅1卫,60.00,3间在租,2599
南山区-西丽,万科云城,2室2厅1卫,50.00,西,6600
福田区-福田中心,深业花园,3室2厅2卫,119.00,东南,11000
,未知小区,1室0厅1卫,23.00,3间在租,1299
南山区-蛇口,山海津,2室2厅1卫,61.00,东南,5400
福田区-华强南,福祥街AB住宅楼,2室1厅1卫,77.69,南,6000
龙岗区-龙岗宝荷,京基御景荟都,3室1厅1卫,60.80,南,3200
,未知小区,1室0厅1卫,20.00,1间在租,1206
龙岗区-布吉大芬,东方半岛花园A区,2室1厅1卫,70.00,南,3000
南山区-蛇口,金色海琴苑,2室2厅1卫,76.25,西南,7500
龙岗区-布吉大芬,和谐家园,2室2厅1卫,63.00,东南,5200
南山区-南山中心,城市山林,3室2厅2卫,118.00,东南,12500
,未知小区,1室0厅1卫,30.00,3间在租,2100-2200
龙华区-龙华新区,金地梅陇镇一期,4室2厅2卫,113.00,南,7000
龙华区-龙华新区,锦绣时代广场,1室1厅1卫,39.00,南,3800
大鹏新区-大鹏半岛,承翰半山海,1室2厅1卫,36.00,南,1490
罗湖区-螺岭,聚龙大厦,1室1厅1卫,39.00,西北,3800
,未知小区,1室0厅1卫,25.00,1间在租,1399
,未知小区,1室0厅1卫,25.00,2间在租,1399
,未知小区,1室0厅1卫,25.00,2间在租,1399
龙华区-红山,龙光玖钻,2室1厅2卫,38.00,东,5000
南山区-前海,颐湾府,3室2厅2卫,123.00,东南,13000
龙华区-红山,龙光玖钻,2室1厅2卫,39.00,北,4800
,未知小区,1室0厅1卫,25.00,2间在租,1399
坪山区-坪山,一品澜山,3室2厅2卫,87.03,西南,3300
宝安区-西乡,海湾明珠花园二期,3室2厅2卫,105.00,西南,7200
宝安区-曦城,招商华侨城曦城一期,4室0厅0卫,310.00,南,55000
南山区-白石洲,侨城豪苑,3室2厅2卫,90.00,南,7500
南山区-南头,东方新地,3室2厅1卫,99.41,南,8000
,未知小区,1室0厅1卫,25.00,3间在租,1399
,未知小区,1室0厅1卫,25.00,1间在租,1569
龙岗区-布吉街,宝龙花园,2室2厅1卫,84.60,东南,3200
南山区-科技园,深圳湾创新科技中心,2室0厅1卫,28.00,西南,4800
南山区-华侨城,中旅广场,2室1厅1卫,80.10,东南,7900
,未知小区,1室1厅1卫,40.00,1间在租,2383
福田区-福田中心,黄埔雅苑四期,5室2厅3卫,210.00,南 北,22000
龙岗区-布吉南岭,万科公园6号,3室2厅2卫,86.74,东南,5200
,未知小区,1室0厅1卫,25.00,2间在租,1399
龙岗区-坂田,信义嘉御山,3室2厅1卫,88.54,南,6800
罗湖区-万象城,城市天地广场,1室1厅1卫,51.00,北,5000
光明区-公明,益田假日府邸,2室1厅2卫,40.45,西北,2800
福田区-石厦,皇庭世纪,2室1厅1卫,58.00,西北,7000
南山区-南山中心,西海明珠,2室1厅1卫,64.00,西北,7500
盐田区-盐田港,中通永安大厦,3室1厅2卫,52.00,南,4500
南山区-南山中心,荟芳园,3室2厅2卫,120.00,西南,7500
,未知小区,1室0厅1卫,25.00,1间在租,1399
龙岗区-平湖,华侨城四海锦园,3室2厅2卫,102.00,南,5100
龙岗区-坂田,和成世纪名园,3室2厅1卫,87.00,南,6000
罗湖区-万象城,城市天地广场,2室1厅1卫,58.00,北,5300
龙华区-龙华中心,鸿荣源尚云,3室1厅1卫,81.50,南,6800
光明区-公明,宏发嘉域,5室2厅2卫,157.24,东南,5500
,未知小区,1室1厅1卫,42.00,3间在租,1899
龙华区-龙华中心,锦绣花园,4室2厅2卫,112.00,东南,4200
龙岗区-龙岗宝荷,京基御景荟都,1室1厅1卫,34.42,北,2200
宝安区-福永,天欣花园三期,1室1厅1卫,33.40,东北,1500
南山区-南山中心,怡园大厦,3室2厅2卫,98.00,西南,8000
南山区-深圳湾,君汇新天,3室2厅2卫,89.00,东南,15500
龙岗区-龙岗中心城,紫薇花园西区,3室2厅1卫,98.00,南,2900
罗湖区-翠竹,深宝住宅区,2室1厅1卫,70.00,南,5000
龙华区-民治,深国际万科和颂轩,4室1厅2卫,120.00,东南,10500
福田区-八卦岭,鹏盛村,1室1厅1卫,31.48,北,2000
,未知小区,1室1厅1卫,46.00,3间在租,2299
,未知小区,1室1厅1卫,42.00,3间在租,1899
宝安区-翻身,新锦安雅园三期,2室2厅1卫,72.36,东南,6500
,未知小区,1室0厅1卫,20.00,1间在租,1600
,未知小区,1室1厅1卫,40.00,1间在租,3000
,未知小区,1室0厅1卫,30.00,1间在租,2250
,未知小区,1室1厅1卫,40.00,1间在租,2750
,未知小区,1室0厅1卫,32.00,1间在租,2000
南山区-蛇口,荣寓,1室1厅1卫,48.00,南,4200
龙岗区-龙岗中心城,万科千林山居二期（万科清林径）,3室2厅1卫,79.85,南,3000
宝安区-航城,兴达华府,4室2厅2卫,128.04,东南,6600
宝安区-西乡,西城丰和,3室2厅2卫,98.00,东南,6500
,未知小区,1室1厅1卫,39.00,1间在租,2600
龙岗区-龙岗中心城,万科天誉二期,3室2厅2卫,89.00,西南 西北,4800
,未知小区,1室1厅1卫,40.00,1间在租,2600
龙岗区-布吉关,万科红四期,3室2厅1卫,89.00,南,8200
龙华区-红山,金亨利瑜璟苑,4室2厅2卫,88.20,南,10500
宝安区-西乡,双龙花园,3室2厅1卫,89.00,东南 西北,3800
龙岗区-布吉街,宝龙花园,2室1厅1卫,91.00,西南,3500
罗湖区-地王,星桂园,1室1厅1卫,38.00,南,4500
,未知小区,1室1厅1卫,20.87,2间在租,1292
,未知小区,1室0厅1卫,15.00,1间在租,888
福田区-香蜜湖,香榭里花园,3室2厅2卫,125.00,南,17000
,未知小区,1室1厅1卫,20.25,1间在租,1764
龙岗区-坂田,佳华领汇广场,2室2厅1卫,73.90,西北,6200
,未知小区,1室0厅1卫,30.00,1间在租,2280
,未知小区,1室0厅1卫,13.93,1间在租,1160
龙岗区-龙岗中心城,宏兴苑,3室2厅2卫,105.69,东南,4000
,未知小区,1室0厅1卫,12.78,1间在租,1408
,未知小区,1室0厅1卫,16.00-18.00,2间在租,1980-2100
,未知小区,1室0厅1卫,36.00,2间在租,2550-2650
光明区-光明,云科府,4室2厅2卫,128.00,南,8000
,未知小区,1室0厅1卫,36.00,1间在租,2650
龙华区-龙华中心,壹成中心第六区,3室2厅1卫,78.00,东南 南,6800
福田区-香蜜湖,财富广场,1室1厅1卫,37.00,南,4600
福田区-福田中心,星河世纪,2室1厅1卫,41.00,北,5200
,未知小区,1室0厅1卫,30.00,1间在租,2080
南山区-华侨城,香山里花园二期,4室2厅2卫,151.20,东南,21000
龙岗区-龙岗中心城,河岸轩,1室1厅1卫,48.56,东南,2300
,未知小区,1室0厅1卫,28.00,1间在租,1780
罗湖区-布心,绿景山庄,2室2厅1卫,77.00,东 南,4500
,未知小区,1室1厅1卫,49.00,1间在租,2500
福田区-皇岗,深物业金领,2室2厅1卫,63.46,东,8500
罗湖区-东门,东门天下,1室0厅1卫,35.00,东南,3200
宝安区-福永,中晟会港湾,2室1厅1卫,62.00,北,4900
,未知小区,1室1厅1卫,40.00,1间在租,3100
福田区-福田中心,中海华庭,3室2厅2卫,107.00,西北,15500
,未知小区,1室0厅1卫,32.00,2间在租,1950-2000
宝安区-航城,领航城领秀花园,2室1厅1卫,52.33,西南,4800
龙岗区-布吉大芬,康达尔花园五期蝴蝶堡,2室2厅1卫,61.30,北,4500
龙华区-梅林关,星河丹堤,3室2厅2卫,26.60,西南 东北,5500
,未知小区,1室1厅1卫,32.00,1间在租,2000
,未知小区,1室0厅1卫,32.00,1间在租,2100
光明区-光明,星河天地公馆,1室1厅1卫,41.00,西南,2680
福田区-景田,碧景园,2室2厅1卫,74.00,南,6300
龙岗区-布吉街,花语岸,2室2厅1卫,66.00,南,4500
,未知小区,1室1厅1卫,42.00,1间在租,2900
龙华区-上塘,特发和平里,3室1厅1卫,84.00,东,6300
南山区-西丽,丹华公馆,3室1厅1卫,58.00,东南 南,6800
,未知小区,1室0厅1卫,32.00,1间在租,2100
龙岗区-布吉街,莲花山庄五村,8室2厅6卫,350.00,南,20000
南山区-科技园,赛百诺基因科技大厦,1室1厅1卫,50.00,南,4500
福田区-华强北,桑达大厦,1室0厅1卫,33.00,北,3000
,未知小区,2室1厅1卫,55.00,2间在租,2900
,未知小区,1室1厅1卫,39.00,1间在租,2650
罗湖区-万象城,鹿丹村铁路小区,3室2厅1卫,69.00,南,5000
,未知小区,1室0厅1卫,32.00,1间在租,2250
光明区-光明,中海寰宇时代花园,3室2厅2卫,89.00,东南,5800
罗湖区-地王,国都花园,3室1厅1卫,88.95,东南 南,5000
罗湖区-地王,宝丽大厦,2室1厅1卫,75.00,西,6500
,未知小区,1室1厅1卫,40.00,1间在租,2900
,未知小区,1室1厅1卫,42.00,1间在租,2800
,未知小区,1室0厅1卫,32.00,1间在租,2150
,未知小区,2室1厅1卫,22.00,2间在租,2500
福田区-石厦,星座大厦,1室0厅1卫,32.00,南,4600
坪山区-坪山,六和城,1室1厅1卫,139.00,南,6800
龙岗区-横岗,信义御城,3室2厅2卫,89.00,西南,5200
龙华区-红山,星河传奇二期,北,龙华区-红山-星河传奇二期,5.54㎡,1230
福田区-石厦,祥韵苑,4室2厅3卫,186.00,西南,15000
南山区-前海,招商领玺,4室2厅2卫,151.00,南,22000
福田区-石厦,皇庭世纪,1室1厅1卫,42.00,北,6000
龙岗区-平湖,特发天鹅湖畔,4室2厅2卫,140.00,东南,6200
龙华区-红山,中航天逸,西,龙华区-红山-中航天逸,18.40㎡,3290
福田区-皇岗,共和世家,3室2厅2卫,143.00,西南,11000
福田区-新洲,嘉洲富苑,2室1厅1卫,41.00,东,6500
南山区-西丽,水木华庭,东,南山区-西丽-水木华庭,5.80㎡,1630
福田区-沙尾,绿景尚悦府,4室2厅4卫,238.00,南,35000
南山区-南山中心,南海城中心,西南,南山区-南山中心-南海城中心,11.73㎡,2330
宝安区-翻身,卡罗社区,1室1厅1卫,49.72,东南,4900
龙岗区-横岗,星河盛境都荟大厦,1室1厅1卫,37.45,东南,2700
南山区-南头,绿茵丰和家园,2室1厅1卫,73.00,北,8500
南山区-南头,光大村,1室1厅1卫,32.00,南,3800
罗湖区-银湖,星湖花园,2室1厅1卫,56.00,南,4200
龙岗区-坂田,中海月朗苑,1室1厅1卫,89.00,南,7800
福田区-香梅北,景田天健花园,4室2厅2卫,99.20,南,11000
福田区-华强北,宝树台,1室0厅1卫,32.00,东,4800
福田区-莲花,长城盛世家园一期,北,福田区-莲花-长城盛世家园一期,8.00㎡,1990
南山区-华侨城,荔园新村(杜鹃山西街),北,南山区-华侨城-荔园新村(杜鹃山西街),17.60㎡,2360
罗湖区-黄贝岭,峰景台大厦,2室2厅1卫,80.56,西南,4600
南山区-蛇口,四海公寓,1室0厅1卫,35.00,东,4800
罗湖区-布心,布心公寓,1室0厅1卫,36.00,东南,2900
宝安区-西乡,海湾明珠花园二期,东南,宝安区-西乡-海湾明珠花园二期,14.40㎡,2690
南山区-前海,卓越前海壹号,1室0厅1卫,47.00,南,8800
龙岗区-丹竹头,英郡年华花园一期,4室1厅2卫,6.10,西,1130
龙华区-龙华中心,中环花园,4室1厅2卫,6.40,东南,1160
,未知小区,1室1厅1卫,38.00,1间在租,3480
南山区-后海,新一代国际公寓,1室1厅1卫,37.00,东北,4800
宝安区-福永,会展湾水岸,3室2厅2卫,92.00,西南,5300
,未知小区,1室0厅1卫,15.93,1间在租,932
罗湖区-东门,东门天下,2室1厅1卫,66.34,东南,6000
,未知小区,1室0厅1卫,14.12,1间在租,850
,未知小区,1室0厅1卫,20.00,1间在租,902
南山区-蛇口,爱榕园,3室1厅1卫,82.04,南,6500
,未知小区,1室0厅1卫,20.00,1间在租,989
,未知小区,1室0厅1卫,20.00,1间在租,925
,未知小区,1室0厅1卫,14.00,1间在租,1003
福田区-莲花,雨田村二期,4室2厅1卫,97.00,南,8400
,未知小区,1室1厅1卫,25.00,1间在租,1228
南山区-科技园,深圳湾创新科技中心,1室0厅1卫,33.00,北,6000
,未知小区,1室1厅1卫,28.00,1间在租,1480
罗湖区-黄贝岭,沁芳名苑,4室1厅2卫,124.00,东南,12000
罗湖区-布心,淘金山·湖景花园二期,5室2厅3卫,252.52,东,20000
,未知小区,1室1厅1卫,35.00,1间在租,1286
,未知小区,1室0厅1卫,15.00,1间在租,758
龙岗区-大运新城,中海康城国际一期,3室2厅1卫,87.00,南,3600
,未知小区,1室1厅1卫,28.00,1间在租,3080
南山区-南山中心,金田花园,3室1厅1卫,92.63,南,6500
福田区-景田,景苑大厦,2室2厅1卫,89.00,西北,7500
,未知小区,1室0厅1卫,25.00,2间在租,1399
福田区-皇岗,加福华尔登府邸,4室2厅2卫,123.00,南,25000
,未知小区,1室0厅1卫,25.00,2间在租,1399
龙华区-民治,梅花山庄,6室3厅4卫,262.56,南 北,22800
,未知小区,1室0厅1卫,25.00,1间在租,2080
龙岗区-布吉石芽岭,宇宏健康花城,3室2厅2卫,89.00,东 东南,7200
宝安区-西乡,财富港大厦,1室1厅1卫,62.52,东南,4500
南山区-西丽,俊峰丽舍,2室2厅1卫,77.00,西,6800
罗湖区-莲塘,桐景花园,2室1厅1卫,74.00,南,5200
龙华区-红山,莱蒙水榭春天5期,2室2厅1卫,78.00,东南,6600
南山区-前海,前海鸿荣源中心·胤璞,3室2厅2卫,166.00,西南,45000
宝安区-碧海,玉湖湾,南,宝安区-碧海-玉湖湾,10.30㎡,1760
南山区-蛇口,晗山悦海城,1室1厅2卫,47.46,东,7000
宝安区-宝安中心,新锦安海纳公馆,4室2厅2卫,116.00,南,17000
罗湖区-笋岗,笋岗中心万象华府,1室0厅1卫,41.00,西,5500
南山区-南山中心,海珠城,北,南山区-南山中心-海珠城,13.50㎡,2330
龙华区-民治,皓月花园,2室2厅1卫,65.84,北,5000
罗湖区-黄贝岭,益田御龙华府,3室2厅2卫,105.00,西南,11000
光明区-光明,光明大第,3室2厅2卫,88.79,南,5000
南山区-西丽,欧陆经典,东,南山区-西丽-欧陆经典,10.37㎡,1830
南山区-前海,阳光棕榈园一期,南,南山区-前海-阳光棕榈园一期,14.02㎡,2430
龙岗区-布吉关,中加名园,3室2厅1卫,72.69,南,4000
福田区-竹子林,建业小区北区,南,福田区-竹子林-建业小区北区,11.00㎡,1630
龙华区-上塘,潜龙曼海宁花园北区,1室1厅1卫,33.91,西南,3700
南山区-科技园,晶品居,4室1厅2卫,9.90,南,1960
龙华区-龙华新区,锦绣江南三期,2室2厅1卫,76.64,南,4800
龙岗区-布吉大芬,桂芳园六期,4室1厅2卫,6.30,东南,1090
宝安区-新安,宝民花园(新安),2室1厅1卫,50.00,南,4800
龙华区-观澜,万科九龙山,4室2厅2卫,124.21,南,6000
宝安区-西乡,宏发前城,4室2厅2卫,89.00,东南,8600
福田区-景田,TT国际公寓,1室1厅1卫,45.00,北,5500
光明区-光明,绿地新都会,2室2厅1卫,72.00,东南,4300
福田区-皇岗,深物业金领,2室2厅1卫,62.00,北,9500
龙华区-红山,莱蒙水榭云上家园,2室1厅1卫,55.39,东南,5600
龙岗区-龙岗宝荷,京基御景荟都,2室1厅1卫,63.00,南,3000
盐田区-盐田港,鹏广达·四季公馆,2室2厅1卫,59.00,东南,3800
宝安区-宝安中心,天健时尚空间名苑,5室1厅2卫,5.10,东北,1490
福田区-赤尾,京基御景华城,1室0厅1卫,35.00,西,4300
,未知小区,2室1厅1卫,40.00,1间在租,2189
罗湖区-翠竹,茂业德弘天下,2室2厅1卫,70.00,西,6430
龙华区-梅林关,滢水山庄二区,3室2厅1卫,78.14,南,4500
,未知小区,3室1厅1卫,88.20,1间在租,10103
,未知小区,3室1厅1卫,87.09,1间在租,9565
,未知小区,1室0厅1卫,32.00,3间在租,1399
福田区-梅林,深新大厦,2室2厅1卫,81.31,南,5000
福田区-景田,市政大院,3室2厅1卫,107.00,南 北,7500
,未知小区,1室0厅1卫,35.00,2间在租,1499
龙岗区-大运新城,中海康城国际一期,1室1厅1卫,48.07,东北,2650
南山区-前海,鼎太风华七期,2室2厅1卫,63.40,东南,6500
福田区-华强南,福滨新村,2室2厅1卫,73.00,南 北,5600
,未知小区,1室1厅1卫,42.00,3间在租,1699
宝安区-西乡,福中福花园一期,2室1厅1卫,79.15,西南,4800
,未知小区,1室0厅1卫,32.00,3间在租,1599
坪山区-坪山,深城投中心公馆,1室0厅1卫,25.00,南,1680
南山区-蛇口,双玺时光道,1室1厅1卫,88.00,东南,13800
龙岗区-龙岗中心城,星河上寓,2室1厅1卫,67.00,南,3500
南山区-南头,汇金家园,1室1厅1卫,50.00,东,5200
龙岗区-龙岗中心城,名居广场,3室2厅1卫,80.72,西南,4600
,未知小区,1室0厅1卫,32.00,3间在租,1499
,未知小区,1室1厅1卫,50.00,1间在租,5394
宝安区-福永,金域豪庭三期,3室2厅1卫,79.21,南,5000
龙岗区-坂田,星光之约,2室2厅1卫,78.10,南,5500
龙华区-上塘,特发和平里,3室2厅1卫,81.40,西南,6500
福田区-莲花,长城盛世家园二期,2室1厅1卫,74.00,西南,7200
福田区-梅林,汇龙花园,1室1厅1卫,41.19,北,3900
龙华区-龙华新区,绿景香颂,4室2厅2卫,89.00,南,7500
罗湖区-螺岭,环岛丽园,4室2厅2卫,120.00,南,12000
盐田区-盐田港,佳兆业御璟佳园广场,2室1厅1卫,70.00,南,4400
罗湖区-翠竹,泊林,2室2厅1卫,60.99,西南,7100
南山区-西丽,万科云城,2室1厅1卫,51.00,南,6500
,未知小区,1室0厅1卫,15.00,1间在租,1120
龙华区-龙华新区,绿景香颂,4室2厅3卫,88.07,南,10000
龙岗区-龙岗宝荷,京基御景荟都,1室0厅1卫,35.00,东,2300
龙岗区-布吉街,国都花园,2室0厅0卫,88.81,南,4500
龙华区-龙华新区,新华城,2室2厅1卫,70.00,南 北,5200
,未知小区,1室1厅1卫,30.00,3间在租,1903-2271
,未知小区,1室0厅1卫,15.00,1间在租,1320
宝安区-航城,满京华云朗公馆,3室2厅1卫,82.16,东,5500
,未知小区,1室0厅1卫,15.00,1间在租,1256
龙华区-红山,华侨城创想大厦,1室2厅1卫,92.57,东南 南,9500
南山区-南山中心,友邻公寓,1室0厅1卫,34.00,南,4300
,未知小区,1室1厅1卫,30.00,2间在租,1952
宝安区-西乡,富通蟠龙居,3室2厅1卫,89.00,北,5500
,未知小区,1室1厅1卫,30.47,1间在租,1442
,未知小区,1室1厅1卫,23.00,5间在租,2150-2390
宝安区-碧海,碧海君庭,3室2厅2卫,89.00,东北,7800
福田区-石厦,新新家园,3室2厅1卫,77.00,北,7800
,未知小区,1室1厅1卫,23.05,1间在租,1904
福田区-莲花,神彩苑,4室1厅2卫,123.00,南 北,8500
龙岗区-龙岗双龙,金汐11街,3室1厅1卫,60.00,东南,2000
宝安区-宝安中心,尚都二期,3室2厅2卫,113.00,西北,9000
,未知小区,1室1厅1卫,24.09,1间在租,1346
,未知小区,1室0厅1卫,13.14,1间在租,1094
福田区-梅林,皇庭世茂裕玺,2室2厅2卫,121.00,东南,21000
,未知小区,未知户型,17间在租,1室1厅1卫,2153-2353
,未知小区,1室0厅1卫,26.30,1间在租,1672
,未知小区,1室0厅1卫,30.00,1间在租,2100
南山区-蛇口,花果山小区,3室2厅1卫,85.72,南 北,7000
罗湖区-布心,布心花园三区,3室2厅1卫,88.00,东南,4000
龙岗区-布吉水径,里城玺樾山,3室2厅1卫,85.00,南 西南,4800
南山区-大学城,鼎胜金域世家,5室2厅2卫,89.00,南,9500
南山区-科技园,华润城润玺二期,3室2厅2卫,120.00,西南,21500
福田区-皇岗,御庭园,3室2厅2卫,88.00,东,9300
,未知小区,1室0厅1卫,28.00,1间在租,2200
福田区-梅林,雕塑家园,2室1厅1卫,72.13,南,5000
罗湖区-莲塘,京武雅翠轩,3室1厅2卫,117.08,南,7900
福田区-梅林,民浩楼,1室1厅1卫,51.00,东,4500
,未知小区,1室0厅1卫,35.00,1间在租,2580
罗湖区-百仕达,旭飞华达园,1室1厅1卫,33.00,东南,3300
罗湖区-笋岗,招商中环红玺,5室2厅4卫,240.00,南,32000
,未知小区,1室0厅1卫,32.00,1间在租,2500
龙岗区-布吉水径,里城玺樾山,3室2厅2卫,100.00,东南 南,5300
,未知小区,1室1厅1卫,35.00,1间在租,2700
,未知小区,1室0厅1卫,30.00,1间在租,2200
光明区-光明,新地中央花园,2室1厅1卫,72.00,南,4200
宝安区-翻身,卡罗社区,1室1厅1卫,52.00,东北,5000
福田区-车公庙,NEO企业大厦,2室1厅1卫,83.77,南,12000
,未知小区,1室0厅1卫,20.00,1间在租,1780
宝安区-新安,宝民花园(新安),2室2厅1卫,58.00,东南,4500
,未知小区,1室1厅1卫,45.00,1间在租,2700
,未知小区,1室0厅1卫,30.00,1间在租,2300
,未知小区,1室1厅1卫,38.00,1间在租,2600
龙华区-龙华新区,锦绣江南一期,2室1厅1卫,75.73,南,4900
福田区-福田中心,岗厦天元花园,3室3厅3卫,270.00,西南,60000
福田区-福田保税区,朗庭豪园,3室2厅2卫,92.00,西北,7500
宝安区-航城,天福华府,4室2厅2卫,126.00,东南,7100
宝安区-翻身,卡罗社区,1室1厅1卫,46.36,东南 南,4800
罗湖区-黄贝岭,中山花园大厦,4室2厅2卫,147.08,东南,7000
,未知小区,1室0厅1卫,25.00,1间在租,2280
宝安区-西乡,西城丰和,4室2厅2卫,117.00,东南,6800
,未知小区,1室0厅1卫,20.00,1间在租,1800
龙岗区-布吉关,信义假日名城六期溢芳园,3室2厅2卫,100.00,南,5300
,未知小区,1室0厅1卫,20.00,1间在租,1880
南山区-蛇口,荣寓,1室1厅1卫,47.00,南,4500
罗湖区-新秀,帝景台,2室2厅1卫,100.00,东南,6500
南山区-科技园,松坪村西区三期,2室1厅1卫,49.70,东南 南,5200
,未知小区,1室0厅1卫,25.00,1间在租,2280
,未知小区,1室0厅1卫,15.00,1间在租,1600
福田区-园岭,园中花园,3室2厅2卫,107.00,南,9500
福田区-梅林,兰江山第花园,4室2厅3卫,178.00,南,24500
,未知小区,1室0厅1卫,30.00,1间在租,2400
光明区-光明,科裕新村,2室1厅1卫,54.00,南,2700
罗湖区-笋岗,新时速嘉园,3室2厅1卫,91.00,东南,5500
南山区-蛇口,招商桃花园三期,3室2厅2卫,103.00,东南,11000
龙岗区-龙岗双龙,叠翠新峰花园一期,2室2厅1卫,68.00,南,3000
宝安区-石岩,汇邦名都花园,2室2厅1卫,79.63,南,4600
龙岗区-布吉关,佳兆业大都汇,2室1厅1卫,61.00,东,3800
,未知小区,1室0厅1卫,22.00,1间在租,2000
南山区-前海,海王小区,4室2厅2卫,150.19,南 西南,10000
福田区-梅林,翰岭院,1室1厅1卫,42.28,南,5500
盐田区-梅沙,万科东海岸一期,1室1厅1卫,52.74,南,2500
福田区-梅林,雕塑家园,2室1厅1卫,68.00,东南 南,5100
南山区-蛇口,海尚国际,3室2厅2卫,105.00,东南,8800
福田区-梅林,御锦公馆,3室1厅2卫,110.00,东南 南,8700
南山区-大学城,宝能城西区,4室2厅2卫,158.00,南,18500
,未知小区,1室0厅1卫,25.00,1间在租,1954
宝安区-沙井,会展湾东城,1室0厅1卫,42.00,南,3000
,未知小区,2室1厅1卫,39.00,1间在租,1962
南山区-南山中心,现代城华庭,3室2厅2卫,105.00,南,7500
,未知小区,1室1厅1卫,30.00,2间在租,2100-2300
坪山区-坪山,凤凰公馆,3室2厅2卫,93.00,东南,3600
罗湖区-布心,独树阳光里,1室1厅1卫,32.00,东,3500
坪山区-坪山,东方威尼斯花园,3室2厅2卫,109.00,南 北,3000
,未知小区,1室0厅1卫,25.00,2间在租,1600-1700
,未知小区,1室0厅1卫,18.00-20.00,2间在租,956-959
光明区-光明,深铁瑞城,3室2厅2卫,97.00,南,6500
,未知小区,1室0厅1卫,30.00,2间在租,1800-1900
宝安区-碧海,华丰前海湾,3室2厅2卫,89.00,西南,7700
,未知小区,1室0厅1卫,28.00,1间在租,2000
,未知小区,1室1厅1卫,52.00,1间在租,5050
福田区-车公庙,趣园,1室1厅1卫,75.14,东北,8500
南山区-前海,瑞景华庭,1室0厅1卫,27.86,西,3100
南山区-蛇口,半山臻境,3室2厅2卫,111.31,东南,15500
,未知小区,1室1厅1卫,60.00,1间在租,3800
,未知小区,1室1厅1卫,60.00,1间在租,3700
罗湖区-笋岗,祥福雅居,1室1厅1卫,38.00,北,3700
,未知小区,1室1厅1卫,60.00,1间在租,3600
龙华区-观澜,华盛峰荟名庭,2室2厅1卫,52.00,南,3600
,未知小区,1室0厅1卫,24.00,2间在租,2000
盐田区-沙头角,福苑,1室1厅1卫,37.30,东北,2800
南山区-科技园,泰阳硅谷公寓,1室0厅1卫,29.00,南,3900
,未知小区,1室0厅1卫,21.00,2间在租,1700
盐田区-盐田港,海川阁,2室2厅1卫,70.00,东南,3200
,未知小区,1室1厅1卫,60.00,1间在租,3500
罗湖区-黄贝岭,汇鑫花园,2室1厅1卫,67.00,东,4800
龙华区-龙华中心,壹成中心第六区,3室2厅1卫,77.00,东南,6200
宝安区-新安,大悦城天玺壹号,4室2厅2卫,120.00,南,11800
,未知小区,1室0厅1卫,25.00,2间在租,1199
福田区-景田,华富综合楼,3室2厅1卫,94.12,南,6400
南山区-南头,前海东岸,2室1厅1卫,76.01,东南 南,7400
龙岗区-龙岗双龙,锦城星苑二期,3室2厅1卫,83.00,南,2800
龙岗区-龙岗双龙,锦城星苑二期,3室2厅1卫,83.00,南,2400
,未知小区,1室0厅1卫,25.00,2间在租,1199
福田区-赤尾,汇港名苑,2室2厅1卫,78.00,西北,7300
坪山区-坪山,万科金域缇香,4室2厅2卫,89.00,南,3980
南山区-红树湾,京基御景东方,8室2厅7卫,196.00,东南 南,48000
龙岗区-龙岗双龙,满京华喜悦里,3室2厅1卫,72.00,南,3800
南山区-红树湾,瑧湾汇,3室2厅2卫,87.93,西,13000
,未知小区,1室0厅1卫,25.00,2间在租,1199
龙岗区-坂田,和成嘉业,3室2厅1卫,82.00,东,7000
南山区-深圳湾,华润深圳湾悦府二期,2室2厅2卫,166.00,西,36000
,未知小区,1室0厅1卫,25.00,1间在租,1199
罗湖区-莲塘,莲花阁,3室2厅1卫,76.65,南,4600
福田区-梅林,蓝天绿都家园,3室2厅1卫,78.79,南 北,5850
,未知小区,1室0厅1卫,25.00,1间在租,1202
龙岗区-龙岗中心城,万科翰邻城,4室2厅2卫,128.00,南 北,7500
,未知小区,1室0厅1卫,25.00,1间在租,1203
,未知小区,1室0厅1卫,25.00,1间在租,1199
龙华区-红山,龙光玖钻,2室1厅1卫,39.65,东北,4800
南山区-白石洲,祥祺花园,3室2厅1卫,93.00,南 北,7200
福田区-莲花,莲花一村,2室1厅1卫,75.00,南,6800
光明区-公明,中粮云景广场,3室2厅1卫,48.00,南,3000
,未知小区,1室0厅1卫,25.00,1间在租,1199
宝安区-沙井,万丰海岸城,3室2厅1卫,85.00,西南,5500
龙岗区-大运新城,THETOWN乐城,4室2厅2卫,137.77,东南,6300
福田区-福田中心,彩福大厦,1室1厅1卫,51.00,南,6600
坪山区-坪山,佳华领悦广场,2室2厅1卫,67.00,东北,3400
宝安区-石岩,宏发世纪城二期,3室2厅2卫,88.00,南,5000
福田区-新洲,沙尾电话机楼,2室2厅1卫,73.00,南,5900
龙岗区-龙岗中心城,珑城原点广场,2室1厅1卫,38.00,南,2800
,未知小区,1室0厅1卫,17.00,3间在租,1051-1070
,未知小区,1室0厅1卫,13.00,1间在租,1070
宝安区-曦城,恒丰工业城,3室2厅1卫,44.67,南,3500
龙岗区-坪地,丁山河畔花园,3室2厅1卫,84.46,东 东南,3800
福田区-皇岗,皇御苑二期,3室2厅2卫,86.00,南,8500
,未知小区,1室0厅1卫,15.00,1间在租,895
龙岗区-横岗,新景苑,3室2厅2卫,143.00,南,4800
福田区-竹子林,金海燕花园,4室2厅2卫,127.14,南,12000
,未知小区,1室1厅1卫,33.00,1间在租,2380
南山区-科技园,华润城润府二期,2室2厅2卫,89.00,东南,13500
福田区-莲花,莲花北,3室2厅1卫,82.00,南,5800
龙岗区-平湖,佳兆业茗萃园一期,3室1厅1卫,87.00,西南,3900
,未知小区,1室0厅1卫,40.00,1间在租,3580
,未知小区,1室0厅1卫,45.00,1间在租,3780
宝安区-西乡,中粮锦云,3室2厅1卫,62.00,南,4500
,未知小区,1室0厅1卫,40.00,1间在租,3980
龙岗区-布吉水径,万科麓山,4室2厅2卫,126.70,南,9500
福田区-香蜜湖,深业中城,1室0厅1卫,70.00,西,11000
宝安区-石岩,汇邦名都花园,2室2厅1卫,70.00,东南,4200
福田区-竹子林,博林贡院,3室2厅1卫,100.02,南,13000
龙岗区-布吉街,青青家园,3室2厅2卫,86.50,东,3700
南山区-西丽,天地峰景,3室2厅2卫,96.97,南 北,9500
福田区-车公庙,世纪豪庭,4室2厅2卫,250.00,南,21250
龙岗区-大运新城,京基御景中央二期,4室2厅2卫,140.00,南,8000
南山区-华侨城,中新街社区,4室2厅2卫,137.00,南,11800
龙华区-梅林关,书香门第上河坊,1室1厅1卫,38.61,南,3700
罗湖区-洪湖,碧水园,3室2厅1卫,99.00,南,6000
光明区-公明,宏发上域,1室1厅1卫,34.82,西南,2500
,未知小区,1室0厅1卫,25.00,1间在租,1799
南山区-前海,前海时代广场,2室2厅2卫,79.00,北,8900
,未知小区,1室1厅1卫,42.00,1间在租,3200
福田区-梅林,鸿运大院,2室1厅1卫,46.00,南,3500
南山区-西丽,鼎胜金域阳光家园,3室2厅2卫,90.00,南,10000
,未知小区,1室1厅1卫,40.00,1间在租,3250
南山区-前海,新德家园,2室1厅1卫,38.00,北,5800
南山区-科技园,科技园三十四区,3室2厅1卫,75.54,南,6200
福田区-华强北,海馨苑,4室2厅2卫,147.57,南,19000
罗湖区-地王,红桂一街8号,3室2厅1卫,109.00,南,6300
,未知小区,1室1厅1卫,42.00,1间在租,2900
南山区-蛇口,玫瑰园小区,2室2厅1卫,66.00,南,5300
南山区-科技园,大冲城市花园,6室3厅4卫,275.00,南,24500
龙岗区-布吉南岭,万科公园里一期,3室2厅1卫,88.00,西,4700
,未知小区,1室0厅1卫,32.00,1间在租,2400
宝安区-宝安中心,华侨城华寓,1室2厅1卫,96.36,南,11800
福田区-福田保税区,帝港海湾豪园,2室1厅1卫,63.00,南,5800
,未知小区,1室1厅1卫,39.00,1间在租,2750
坪山区-坪山,恒大成二期,3室2厅2卫,98.56,南,3600
坪山区-坪山,恒大成一期,2室2厅1卫,76.00,南,3500
,未知小区,1室0厅1卫,32.00,1间在租,2000
,未知小区,1室1厅1卫,40.00,1间在租,2750
福田区-梅林,翰岭院,2室2厅1卫,76.00,南,7500
,未知小区,1室0厅1卫,22.00,5间在租,1399
龙岗区-布吉南岭,万科公园里一期,4室2厅3卫,173.00,东南,7800
福田区-福田保税区,加福广场华尔登府邸,1室1厅1卫,74.65,东南,6000
,未知小区,1室1厅1卫,35.00,4间在租,2249
,未知小区,1室0厅1卫,30.00,1间在租,2000
龙岗区-坂田,万科城三期,1室1厅1卫,34.36,北,3500
,未知小区,1室0厅1卫,13.00,1间在租,801
,未知小区,1室0厅1卫,11.00,2间在租,721
,未知小区,1室0厅1卫,13.00,1间在租,714
,未知小区,1室0厅1卫,14.00,1间在租,779
,未知小区,1室0厅1卫,11.00,1间在租,760
,未知小区,1室0厅1卫,16.00,1间在租,1099
,未知小区,1室0厅1卫,25.00,1间在租,935
南山区-前海,中海阳光玫瑰园,2室1厅1卫,57.10,东南,7500
龙岗区-龙岗中心城,紫薇花园东区,3室2厅1卫,98.72,南,3200
龙岗区-龙岗中心城,远洋新干线晶钻广场,2室1厅1卫,48.00,东南,2700
,未知小区,1室0厅1卫,17.00,1间在租,874
南山区-后海,京光海景花园,3室2厅2卫,131.00,东北,11800
,未知小区,1室0厅1卫,15.00,1间在租,902
南山区-前海,深业云海湾,3室2厅2卫,116.00,西南,10800
罗湖区-新秀,京基东方都会,1室1厅2卫,35.54,西,3400
宝安区-宝安中心,富通好旺角一期,2室2厅1卫,76.00,西南,7000
,未知小区,1室1厅1卫,20.00,1间在租,1364
宝安区-西乡,九方广场,3室1厅1卫,43.00,南,3600
罗湖区-笋岗,嘉宝田花园,2室2厅1卫,66.41,西,6800
,未知小区,1室0厅1卫,15.00,2间在租,1011-1148
罗湖区-东门,东悦名轩,1室1厅1卫,40.00,东北,4000
龙岗区-横岗,卓弘星辰,3室2厅1卫,83.00,东北,4500
,未知小区,1室0厅1卫,15.00,2间在租,808-845
南山区-前海,阳光棕榈园三期,3室2厅2卫,105.06,南,9000
,未知小区,1室0厅1卫,15.00,1间在租,946
南山区-科技园,豪方现代豪园,2室1厅1卫,75.00,南,7500
龙岗区-布吉南岭,万科公园6号,3室2厅2卫,86.00,东,5500
盐田区-盐田港,东海丽景花园,3室2厅1卫,110.00,东南,5000
,未知小区,1室0厅1卫,14.00,1间在租,960
,未知小区,1室0厅1卫,20.00,1间在租,1680
龙岗区-龙岗双龙,锦城星苑一期,1室1厅1卫,41.90,东北,1600
,未知小区,1室0厅1卫,25.00,2间在租,1199
罗湖区-布心,松泉山庄,3室2厅2卫,93.11,东南,5400
坪山区-坪山,六和城,1室1厅1卫,60.00,东,2800
,未知小区,1室1厅1卫,30.00,1间在租,1884
福田区-华强南,飞扬时代大厦,1室1厅1卫,37.00,东,3800
龙岗区-布吉水径,尚水天成,5室2厅2卫,108.00,南,7500
福田区-景田,缔梦园,1室1厅1卫,40.00,北,4800
龙岗区-坂田,十二橡树庄园一期,2室1厅1卫,68.00,东,4500
龙华区-龙华新区,锦绣时代广场,1室1厅1卫,28.00,东,2700
,未知小区,1室1厅1卫,30.00,1间在租,1884
福田区-新洲,祥云天都世纪大厦,1室1厅1卫,39.00,南,4800
龙华区-红山,华业玫瑰四季馨园二期,2室1厅0卫,51.21,东 东南,5600
南山区-科技园,松坪村二期,3室2厅1卫,67.00,南,4700
南山区-西丽,龙都花园,3室2厅2卫,108.15,南,7000
,未知小区,1室1厅1卫,40.00,1间在租,1699
宝安区-西乡,招商果岭花园,3室2厅2卫,87.79,西南,6500
坪山区-坪山,信达泰禾金尊府,3室2厅2卫,94.00,西南,4500
宝安区-曦城,招商华侨城曦城山顶道酒店公寓,4室2厅3卫,168.00,南,15800
罗湖区-地王,港岛银座,1室0厅1卫,36.19,东南,4250
龙岗区-坂田,华晖瑞禧,3室2厅2卫,100.00,南,7200
盐田区-梅沙,万科东海岸四期,4室2厅2卫,186.00,东南,11500
宝安区-新安,海滨花园,3室1厅1卫,89.50,东南,4800
罗湖区-地王,名仕阁,3室1厅2卫,116.00,南,8000
龙华区-红山,龙光玖钻,2室2厅1卫,39.00,东北,4600
龙岗区-布吉关,百合星城一期,3室2厅2卫,103.00,北,6000
南山区-红树湾,中信红树湾南区,2室2厅1卫,93.50,西南,17500
龙岗区-龙岗中心城,远洋新干线晶钻广场,1室1厅1卫,32.13,东南,2000
光明区-光明,龙光玖龙台三期(公寓),2室1厅1卫,60.00,东南,4100
龙岗区-平湖,佳兆业茗萃园二期,3室2厅2卫,84.30,北,3700
,未知小区,2室1厅1卫,88.00,1间在租,15000
福田区-新洲,嘉葆润金座,2室1厅1卫,35.16,北 东北,6800
罗湖区-莲塘,畔山花园,2室1厅1卫,52.00,南,3200
南山区-前海,开云府,4室2厅2卫,203.00,东北,22000
,未知小区,2室1厅1卫,88.00,1间在租,15000
罗湖区-百仕达,阳光绿地家园,3室1厅1卫,81.00,东南,6800
光明区-光明,中海时光境花园,3室2厅2卫,82.00,东南,5200
宝安区-宝安中心,华侨城华寓,3室2厅2卫,139.09,南,16000
福田区-皇岗,水围龙轩豪庭,2室2厅1卫,59.99,东,8000
福田区-景田,香蜜新村,3室2厅1卫,89.09,南 北,6500
南山区-科技园,华润城润府一期,3室1厅2卫,89.00,西南,10800
罗湖区-螺岭,汇锦名园,2室1厅1卫,66.00,南,4500
罗湖区-螺岭,新世界大厦,1室1厅1卫,27.00,南,3500
,未知小区,2室2厅1卫,93.00,2间在租,17000
,未知小区,3室2厅2卫,110.00,1间在租,21000
南山区-南头,桃苑公寓,1室0厅1卫,30.15,东,3100
福田区-皇岗,富强花园,2室2厅1卫,76.00,南 北,6500
,未知小区,1室0厅1卫,45.00,2间在租,1845
南山区-南山中心,荟芳园,4室1厅2卫,14.20,南,3000
龙华区-龙华中心,壹成中心第九区,4室2厅2卫,88.00,东南,7000
南山区-华侨城,世纪假日广场,2室2厅1卫,89.79,西,8300
福田区-石厦,益田村,3室2厅1卫,97.00,南,7300
,未知小区,1室0厅1卫,45.00,2间在租,1700
宝安区-福永,会展湾水岸,2室2厅1卫,56.00,北,3600
福田区-赤尾,京基御景华城,1室0厅1卫,28.00,西北,3200
龙岗区-横岗,振业城上观,6室2厅3卫,334.00,南,8000
龙岗区-布吉关,信义荔山公馆,2室1厅1卫,75.00,西南 西,6000
龙岗区-布吉关,信义荔山公馆,2室2厅1卫,73.82,东 东南,5500
,未知小区,1室0厅1卫,45.00,2间在租,1800
,未知小区,1室1厅1卫,50.00,1间在租,3000
,未知小区,2室1厅1卫,88.00,1间在租,15000
龙岗区-布吉大芬,南景豪庭,3室2厅1卫,76.00,东南,3800
福田区-石厦,合正佳园,2室1厅1卫,83.06,东北,7600
福田区-梅林,振业梅苑,2室1厅1卫,49.00,南,4000
,未知小区,2室2厅1卫,93.00,2间在租,17000
,未知小区,3室2厅2卫,110.00,1间在租,21000
龙岗区-龙岗宝荷,京基御景荟都,3室1厅1卫,63.00,南,3500
南山区-大学城,鼎胜金域世家,3室2厅2卫,89.00,南,8800
龙岗区-坂田,佳兆业中央广场一期,3室2厅2卫,89.00,北,6500
南山区-前海,雷圳碧榕湾海景花园,3室2厅2卫,120.00,南,11500
福田区-华强北,都会100,1室1厅1卫,42.00,北,5000
福田区-上下沙,花好园,1室1厅1卫,40.00,西南,5600
福田区-莲花,长城盛世家园二期,2室2厅1卫,73.39,西北,7300
龙岗区-布吉关,佳兆业大都汇,1室0厅1卫,45.00,东北,3000
龙岗区-坂田,信义嘉御山5期,4室2厅1卫,88.84,西南,7600
,未知小区,1室0厅1卫,45.00,2间在租,1845
龙华区-梅林关,星河盛世,2室1厅1卫,77.00,西南,7300
,未知小区,1室0厅1卫,45.00,2间在租,1700
罗湖区-莲塘,聚宝华府,3室2厅2卫,89.00,南,8500
坪山区-坪山,深业御园,2室1厅1卫,40.00,南,1480
龙岗区-布吉关,国展苑,2室1厅1卫,55.00,东南,3200
,未知小区,1室0厅1卫,45.00,2间在租,1800
,未知小区,1室0厅1卫,25.00,1间在租,1850
南山区-蛇口,半岛城邦花园一期,4室2厅2卫,220.00,东南,33500
南山区-蛇口,南海玫瑰花园一期,5室3厅3卫,270.00,东南,50000
龙华区-红山,龙光玖钻,3室2厅2卫,97.00,东,7300
,未知小区,1室1厅1卫,50.00,1间在租,3000
,未知小区,1室0厅1卫,30.00,1间在租,2200
,未知小区,1室1厅1卫,35.00,1间在租,2500
龙岗区-布吉水径,里城玺樾山,3室2厅2卫,98.00,东南 南,5000
,未知小区,未知户型,14间在租,1室0厅1卫,1024-1112
罗湖区-翠竹,公路局大院,1室1厅1卫,49.00,南,4000
福田区-华强北,金茂礼都,1室1厅1卫,47.00,南,5200
,未知小区,1室0厅1卫,32.00,1间在租,3060
福田区-车公庙,新沙苑,1室1厅1卫,50.00,北,4000
南山区-南山中心,现代城华庭,4室2厅2卫,238.00,南,18000
福田区-梅林,梅林一村,3室2厅1卫,98.00,南,7200
,未知小区,1室1厅1卫,26.48,1间在租,1630
罗湖区-地王,鸿翔花园,1室1厅1卫,46.00,东南 南,4800
罗湖区-黄贝岭,汇鑫花园,6室2厅3卫,248.00,北,22000
龙岗区-平湖,佳兆业金御佳园,4室2厅2卫,133.00,南,6400
光明区-光明,新地中央花园,3室2厅1卫,108.00,东 西,5000
南山区-蛇口,新世界·临海揽山御园,3室2厅2卫,107.50,南,16000
,未知小区,1室0厅1卫,12.50-13.00,2间在租,2488-3141
南山区-大学城,博林天瑞,4室2厅2卫,198.00,南,22000
南山区-前海,绿海名都,1室0厅1卫,40.12,南,5300
,未知小区,1室0厅1卫,16.87,4间在租,1550-1640
,未知小区,1室1厅1卫,20.10,1间在租,1224
龙岗区-布吉大芬,桂芳园六期,2室2厅1卫,74.70,西北,4300
龙岗区-平湖,御峰园,3室2厅2卫,94.00,西南,4500
,未知小区,1室0厅1卫,13.02,1间在租,1550
福田区-福田保税区,加福广场华尔登府邸,2室2厅1卫,108.00,西,8500
,未知小区,1室0厅1卫,20.00,1间在租,967
南山区-科技园,科技园三十六区,3室2厅1卫,92.87,南,7600
罗湖区-笋岗,兴华小区,3室2厅1卫,90.00,南,5800
福田区-梅林,辉煌时代大厦,1室1厅1卫,36.00,西,4900
南山区-华侨城,中新街芳华苑,3室2厅1卫,90.00,南,8000
福田区-皇岗,港城华庭,3室2厅1卫,89.00,南,10000
,未知小区,1室0厅1卫,29.00,1间在租,1500
,未知小区,1室0厅1卫,26.00,1间在租,1450
罗湖区-翠竹,公路局大院,1室1厅1卫,49.00,南,4000
福田区-华强北,金茂礼都,1室1厅1卫,47.00,南,5200
福田区-车公庙,新沙苑,1室1厅1卫,50.00,北,4000
南山区-南山中心,现代城华庭,4室2厅2卫,238.00,南,18000
福田区-梅林,梅林一村,3室2厅1卫,98.00,南,7200
,未知小区,1室1厅1卫,30.50,1间在租,1455
罗湖区-地王,鸿翔花园,1室1厅1卫,46.00,东南 南,4800
罗湖区-黄贝岭,汇鑫花园,6室2厅3卫,248.00,北,22000
龙岗区-平湖,佳兆业金御佳园,4室2厅2卫,133.00,南,6400
光明区-光明,新地中央花园,3室2厅1卫,108.00,东 西,5000
南山区-蛇口,新世界·临海揽山御园,3室2厅2卫,107.50,南,16000
南山区-大学城,博林天瑞,4室2厅2卫,198.00,南,22000
南山区-前海,绿海名都,1室0厅1卫,40.12,南,5300
,未知小区,1室0厅1卫,11.50,1间在租,828
龙岗区-布吉大芬,桂芳园六期,2室2厅1卫,74.70,西北,4300
龙岗区-平湖,御峰园,3室2厅2卫,94.00,西南,4500
,未知小区,1室0厅1卫,18.50,1间在租,1040
,未知小区,1室0厅1卫,25.00,1间在租,1160
,未知小区,1室1厅1卫,28.50,1间在租,1278
福田区-福田保税区,加福广场华尔登府邸,2室2厅1卫,108.00,西,8500
南山区-科技园,科技园三十六区,3室2厅1卫,92.87,南,7600
罗湖区-笋岗,兴华小区,3室2厅1卫,90.00,南,5800
,未知小区,1室0厅1卫,20.50,1间在租,1188
福田区-梅林,辉煌时代大厦,1室1厅1卫,36.00,西,4900
南山区-华侨城,中新街芳华苑,3室2厅1卫,90.00,南,8000
福田区-皇岗,港城华庭,3室2厅1卫,89.00,南,10000
南山区-南头,艺华花园,2室0厅1卫,42.00,东,3000
,未知小区,1室1厅1卫,38.00,1间在租,2700
南山区-南头,艺华花园,2室1厅1卫,42.00,南,3000
宝安区-西乡,中粮幸福花园,2室1厅1卫,43.80,东南,4500
龙华区-民治,梅花山庄,7室4厅5卫,800.00,南,45000
龙岗区-平湖,花半里欣悦广场,2室1厅1卫,63.00,东北,3500
南山区-西丽,桃源村一期,3室1厅1卫,71.00,南,6200
福田区-景田,紫薇阁,2室1厅1卫,56.00,南,5000
南山区-红树湾,瑧湾汇,2室2厅1卫,73.98,南,13800
,未知小区,未知户型,14间在租,1室0厅1卫,1024-1112
南山区-蛇口,景园大厦(爱榕路),3室2厅1卫,93.47,东南,6500
龙岗区-龙岗中心城,万科天誉二期,3室2厅2卫,89.00,西南,5500
龙岗区-布吉南岭,万科公园里三期,3室2厅2卫,106.00,东南,5800
光明区-光明,星河天地二期,1室1厅1卫,38.00,西北,2580
,未知小区,1室0厅1卫,32.00,1间在租,3060
,未知小区,1室1厅1卫,26.48,1间在租,1630
福田区-福田中心,彩虹新都,3室1厅1卫,105.00,东南,8200
,未知小区,1室0厅1卫,12.50-13.00,2间在租,2488-3141
南山区-后海,雅仕荔景苑,3室2厅1卫,88.00,南,8300
福田区-上步,佳兆业中心,1室1厅1卫,32.00,南,3800
,未知小区,1室0厅1卫,16.87,4间在租,1550-1640
,未知小区,1室1厅1卫,20.10,1间在租,1224
,未知小区,1室0厅1卫,29.00,1间在租,1500
罗湖区-翠竹,贝悦汇大厦,1室1厅2卫,33.00,南,5200
龙岗区-坂田,佳兆业中央广场三期,4室2厅2卫,142.00,东北,16800
南山区-蛇口,南海玫瑰花园二期,3室2厅2卫,101.00,南,18000
福田区-石厦,皇庭世纪,2室1厅1卫,58.00,东北,7000
,未知小区,1室0厅1卫,26.00,1间在租,1450
龙华区-观澜,美佳华首誉,3室2厅2卫,90.31,南,4500
宝安区-航城,中信领航,1室1厅1卫,37.00,东北,3200
福田区-上下沙,中洲湾中洲滨海商业中心,3室2厅1卫,82.00,东北,13000
龙岗区-布吉大芬,南景豪庭,3室2厅1卫,76.00,东南,3800
福田区-石厦,合正佳园,2室1厅1卫,83.06,东北,7600
福田区-梅林,振业梅苑,2室1厅1卫,49.00,南,4000
福田区-石厦,合正佳园,2室1厅1卫,83.06,东北,7600
福田区-梅林,振业梅苑,2室1厅1卫,49.00,南,4000
龙岗区-龙岗宝荷,京基御景荟都,3室1厅1卫,63.00,南,3500
,未知小区,1室1厅1卫,30.50,1间在租,1455
南山区-大学城,鼎胜金域世家,3室2厅2卫,89.00,南,8800
龙岗区-坂田,佳兆业中央广场一期,3室2厅2卫,89.00,北,6500
南山区-前海,雷圳碧榕湾海景花园,3室2厅2卫,120.00,南,11500
福田区-华强北,都会100,1室1厅1卫,42.00,北,5000
福田区-上下沙,花好园,1室1厅1卫,40.00,西南,5600
,未知小区,1室0厅1卫,11.50,1间在租,828
福田区-莲花,长城盛世家园二期,2室2厅1卫,73.39,西北,7300
龙岗区-布吉关,佳兆业大都汇,1室0厅1卫,45.00,东北,3000
,未知小区,1室0厅1卫,18.50,1间在租,1040
龙岗区-坂田,信义嘉御山5期,4室2厅1卫,88.84,西南,7600
,未知小区,1室0厅1卫,25.00,1间在租,1160
龙华区-梅林关,星河盛世,2室1厅1卫,77.00,西南,7300
罗湖区-莲塘,聚宝华府,3室2厅2卫,89.00,南,8500
,未知小区,1室1厅1卫,28.50,1间在租,1278
,未知小区,1室0厅1卫,20.50,1间在租,1188
,未知小区,1室1厅1卫,28.50,1间在租,1360
坪山区-坪山,深业御园,2室1厅1卫,40.00,南,1480
龙岗区-布吉关,国展苑,2室1厅1卫,55.00,东南,3200
南山区-蛇口,半岛城邦花园一期,4室2厅2卫,220.00,东南,33500
,未知小区,1室0厅1卫,18.50,1间在租,890
南山区-蛇口,南海玫瑰花园一期,5室3厅3卫,270.00,东南,50000
龙华区-红山,龙光玖钻,3室2厅2卫,97.00,东,7300
龙岗区-布吉水径,里城玺樾山,3室2厅2卫,98.00,东南 南,5000
,未知小区,1室1厅1卫,38.00,1间在租,2700
南山区-南头,东方新地,1室1厅1卫,41.00,西北,4600
罗湖区-地王,红桂皇冠,1室0厅1卫,32.00,西,3300
福田区-石厦,合正佳园,2室1厅1卫,83.06,东北,7600
福田区-梅林,振业梅苑,2室1厅1卫,49.00,南,4000
龙岗区-龙岗宝荷,京基御景荟都,3室1厅1卫,63.00,南,3500
南山区-大学城,鼎胜金域世家,3室2厅2卫,89.00,南,8800
龙岗区-坂田,佳兆业中央广场一期,3室2厅2卫,89.00,北,6500
南山区-前海,雷圳碧榕湾海景花园,3室2厅2卫,120.00,南,11500
福田区-华强北,都会100,1室1厅1卫,42.00,北,5000
福田区-上下沙,花好园,1室1厅1卫,40.00,西南,5600
,未知小区,1室1厅1卫,30.50,1间在租,1455
福田区-莲花,长城盛世家园二期,2室2厅1卫,73.39,西北,7300
,未知小区,1室0厅1卫,11.50,1间在租,828
龙岗区-布吉关,佳兆业大都汇,1室0厅1卫,45.00,东北,3000
龙岗区-坂田,信义嘉御山5期,4室2厅1卫,88.84,西南,7600
龙华区-梅林关,星河盛世,2室1厅1卫,77.00,西南,7300
罗湖区-莲塘,聚宝华府,3室2厅2卫,89.00,南,8500
坪山区-坪山,深业御园,2室1厅1卫,40.00,南,1480
龙岗区-布吉关,国展苑,2室1厅1卫,55.00,东南,3200
南山区-蛇口,半岛城邦花园一期,4室2厅2卫,220.00,东南,33500
南山区-蛇口,南海玫瑰花园一期,5室3厅3卫,270.00,东南,50000
龙华区-红山,龙光玖钻,3室2厅2卫,97.00,东,7300
龙岗区-布吉水径,里城玺樾山,3室2厅2卫,98.00,东南 南,5000
,未知小区,1室0厅1卫,18.50,1间在租,1040
,未知小区,1室0厅1卫,25.00,1间在租,1160
,未知小区,1室1厅1卫,28.50,1间在租,1278
南山区-南头,东方新地,1室1厅1卫,41.00,西北,4600
罗湖区-地王,红桂皇冠,1室0厅1卫,32.00,西,3300
光明区-公明,天汇时代花园二期,4室2厅2卫,89.00,东南,4800
龙华区-龙华中心,悠山美地,3室2厅2卫,85.07,东南,6000
,未知小区,1室1厅1卫,38.00,1间在租,2700
龙岗区-龙岗中心城,风临国际东座,2室2厅1卫,42.00,东南,2600
福田区-新洲,嘉葆润金座,2室1厅1卫,35.16,北 东北,6800
,未知小区,2室1厅1卫,88.00,1间在租,15000
罗湖区-莲塘,畔山花园,2室1厅1卫,52.00,南,3200
,未知小区,2室2厅1卫,93.00,2间在租,17000
南山区-前海,开云府,4室2厅2卫,203.00,东北,22000
,未知小区,3室2厅2卫,110.00,1间在租,21000
罗湖区-百仕达,阳光绿地家园,3室1厅1卫,81.00,东南,6800
光明区-光明,中海时光境花园,3室2厅2卫,82.00,东南,5200
,未知小区,1室0厅1卫,45.00,2间在租,1845
宝安区-宝安中心,华侨城华寓,3室2厅2卫,139.09,南,16000
福田区-皇岗,水围龙轩豪庭,2室2厅1卫,59.99,东,8000
福田区-景田,香蜜新村,3室2厅1卫,89.09,南 北,6500
南山区-科技园,华润城润府一期,3室1厅2卫,89.00,西南,10800
罗湖区-螺岭,汇锦名园,2室1厅1卫,66.00,南,4500
罗湖区-螺岭,新世界大厦,1室1厅1卫,27.00,南,3500
,未知小区,1室0厅1卫,45.00,2间在租,1700
,未知小区,1室0厅1卫,45.00,2间在租,1800
南山区-南头,桃苑公寓,1室0厅1卫,30.15,东,3100
福田区-皇岗,富强花园,2室2厅1卫,76.00,南 北,6500
南山区-南山中心,荟芳园,4室1厅2卫,14.20,南,3000
龙华区-龙华中心,壹成中心第九区,4室2厅2卫,88.00,东南,7000
南山区-华侨城,世纪假日广场,2室2厅1卫,89.79,西,8300
福田区-石厦,益田村,3室2厅1卫,97.00,南,7300
宝安区-福永,会展湾水岸,2室2厅1卫,56.00,北,3600
,未知小区,1室0厅1卫,25.00,1间在租,1850
,未知小区,1室1厅1卫,50.00,1间在租,3000
福田区-赤尾,京基御景华城,1室0厅1卫,28.00,西北,3200
,未知小区,1室0厅1卫,30.00,1间在租,2200
,未知小区,1室1厅1卫,35.00,1间在租,2500
龙岗区-横岗,振业城上观,6室2厅3卫,334.00,南,8000
福田区-梅林,颐林雅院,2室2厅1卫,75.00,南,6500
,未知小区,1室0厅1卫,25.00,2间在租,1569
宝安区-西乡,君成雍和园,4室2厅2卫,89.00,东南,8200
福田区-梅林,蓝天绿都家园,2室2厅1卫,58.00,南,5400
,未知小区,1室0厅1卫,25.00,2间在租,1400
,未知小区,1室0厅1卫,23.00,1间在租,1400
龙岗区-坪地,中骏四季阳光二期,3室2厅2卫,97.12,东南 西南,3500
,未知小区,1室1厅1卫,40.00,1间在租,2199
,未知小区,1室0厅1卫,25.00,1间在租,1499
南山区-南头,麒麟花园A区,3室2厅2卫,90.00,东南,9000
龙岗区-布吉街,阳光花园一期,3室2厅1卫,80.40,南,3800
福田区-梅林,山语清晖,4室2厅3卫,178.00,北,19500
龙岗区-横岗,荣德SPACE,2室2厅1卫,69.00,北,3600
坪山区-坪山,深业御园,3室2厅1卫,75.00,东南,2300
,未知小区,1室0厅1卫,20.00,2间在租,1469
南山区-蛇口,鲸山觐海,4室2厅2卫,202.00,东南,25000
宝安区-石岩,宏发世纪城二期,3室2厅2卫,88.00,南,5000
龙华区-梅林关,龙光玖龙玺,4室2厅2卫,89.00,东北,9800
龙岗区-龙岗双龙,水岸新都四五期,3室2厅2卫,140.00,南,3500
盐田区-盐田港,和亨中心广场,2室1厅1卫,38.00,西北,2500
,未知小区,1室1厅1卫,40.00,1间在租,2099
龙岗区-大运新城,佳兆业未来时代大厦,1室0厅1卫,43.00,东,2900
,未知小区,1室0厅1卫,25.00,3间在租,1469
龙岗区-龙岗中心城,雅庭名苑,3室2厅2卫,105.00,东南,3700
南山区-南山中心,华联城市商务中心,1室0厅1卫,40.00,东南,6000
福田区-梅林,艺丰花园C区,3室2厅2卫,106.00,北,6300
南山区-蛇口,桂园小区一区,3室2厅1卫,81.00,南,6300
盐田区-盐田港,山海四季城,3室2厅1卫,76.00,南,4800
,未知小区,1室1厅1卫,40.00,2间在租,2399
,未知小区,1室0厅1卫,25.00,2间在租,1470
福田区-新洲,嘉葆润金座,2室1厅1卫,35.16,北 东北,6800
,未知小区,1室1厅1卫,58.00,1间在租,2880
罗湖区-莲塘,畔山花园,2室1厅1卫,52.00,南,3200
南山区-前海,开云府,4室2厅2卫,203.00,东北,22000
罗湖区-百仕达,阳光绿地家园,3室1厅1卫,81.00,东南,6800
光明区-光明,中海时光境花园,3室2厅2卫,82.00,东南,5200
宝安区-宝安中心,华侨城华寓,3室2厅2卫,139.09,南,16000
福田区-皇岗,水围龙轩豪庭,2室2厅1卫,59.99,东,8000
福田区-景田,香蜜新村,3室2厅1卫,89.09,南 北,6500
南山区-科技园,华润城润府一期,3室1厅2卫,89.00,西南,10800
罗湖区-螺岭,汇锦名园,2室1厅1卫,66.00,南,4500
罗湖区-螺岭,新世界大厦,1室1厅1卫,27.00,南,3500
南山区-南头,桃苑公寓,1室0厅1卫,30.15,东,3100
福田区-皇岗,富强花园,2室2厅1卫,76.00,南 北,6500
南山区-南山中心,荟芳园,4室1厅2卫,14.20,南,3000
龙华区-龙华中心,壹成中心第九区,4室2厅2卫,88.00,东南,7000
,未知小区,1室0厅1卫,30.00,1间在租,2280
,未知小区,1室0厅1卫,35.00,1间在租,2580
南山区-华侨城,世纪假日广场,2室2厅1卫,89.79,西,8300
福田区-石厦,益田村,3室2厅1卫,97.00,南,7300
宝安区-福永,会展湾水岸,2室2厅1卫,56.00,北,3600
福田区-赤尾,京基御景华城,1室0厅1卫,28.00,西北,3200
,未知小区,1室0厅1卫,30.00,1间在租,1880
龙岗区-横岗,振业城上观,6室2厅3卫,334.00,南,8000
龙岗区-布吉关,信义荔山公馆,2室1厅1卫,75.00,西南 西,6000
龙岗区-布吉关,信义荔山公馆,2室2厅1卫,73.82,东 东南,5500
,未知小区,1室0厅1卫,30.00,1间在租,2480
,未知小区,1室0厅1卫,35.00,1间在租,2680
龙华区-民治,碧水龙庭,2室2厅1卫,73.00,南,5200
龙岗区-龙岗宝荷,京基御景荟都,1室1厅1卫,35.00,东北,1700
福田区-莲花,长城盛世家园二期,4室2厅2卫,131.30,南 北,16800
,未知小区,1室0厅1卫,16.69-20.05,2间在租,1325-1419
,未知小区,未知户型,10间在租,1室0厅1卫,1274-1580
光明区-光明,中信凯旋君庭,3室2厅2卫,90.00,西南,6500
盐田区-盐田港,和亨中心广场,3室2厅2卫,97.00,西南,4000
南山区-前海,鼎太风华七期,2室1厅1卫,55.00,南,5800
,未知小区,1室0厅1卫,21.00,5间在租,1099
,未知小区,1室0厅1卫,25.00,2间在租,1099-1100
龙华区-梅林关,新彩苑,4室2厅2卫,51.00,南,5500
,未知小区,1室0厅1卫,25.00,2间在租,1199
,未知小区,1室0厅1卫,25.00,1间在租,1099
南山区-科技园,松坪村东区三期,2室1厅1卫,60.00,西南,5368
宝安区-新安,宝乐花园,3室2厅2卫,103.30,东南,5000
南山区-南山中心,世纪广场,3室1厅1卫,83.57,南,6300
龙华区-龙华中心,安宏基星曜广场,3室2厅2卫,93.78,东北,6999
龙岗区-龙岗中心城,远洋新天地水岸花园,3室2厅2卫,89.00,南,4400
福田区-景田,时代华庭,5室2厅3卫,318.00,西 北,20000
龙岗区-平湖,特发天鹅湖畔,3室2厅2卫,105.00,南,5300
,未知小区,1室1厅1卫,40.00,1间在租,1699
光明区-公明,宏发上域,1室1厅1卫,34.82,西南,2500
,未知小区,1室0厅1卫,25.00,1间在租,1199
,未知小区,1室0厅1卫,20.00,2间在租,1099
南山区-前海,前海时代广场,2室2厅2卫,79.00,北,8900
福田区-梅林,鸿运大院,2室1厅1卫,46.00,南,3500
南山区-西丽,鼎胜金域阳光家园,3室2厅2卫,90.00,南,10000
,未知小区,1室0厅1卫,20.00,2间在租,1199
,未知小区,1室0厅1卫,25.00,1间在租,1099
,未知小区,1室0厅1卫,25.00,2间在租,1099
南山区-前海,新德家园,2室1厅1卫,38.00,北,5800
南山区-科技园,科技园三十四区,3室2厅1卫,75.54,南,6200
福田区-梅林,颐林雅院,2室2厅1卫,75.00,南,6500
,未知小区,1室1厅1卫,30.50,1间在租,1455
宝安区-西乡,君成雍和园,4室2厅2卫,89.00,东南,8200
福田区-梅林,蓝天绿都家园,2室2厅1卫,58.00,南,5400
龙岗区-坪地,中骏四季阳光二期,3室2厅2卫,97.12,东南 西南,3500
南山区-南头,麒麟花园A区,3室2厅2卫,90.00,东南,9000
,未知小区,1室0厅1卫,11.50,1间在租,828
龙岗区-布吉街,阳光花园一期,3室2厅1卫,80.40,南,3800
福田区-梅林,山语清晖,4室2厅3卫,178.00,北,19500
龙岗区-横岗,荣德SPACE,2室2厅1卫,69.00,北,3600
坪山区-坪山,深业御园,3室2厅1卫,75.00,东南,2300
南山区-蛇口,鲸山觐海,4室2厅2卫,202.00,东南,25000
,未知小区,1室0厅1卫,18.50,1间在租,1040
宝安区-石岩,宏发世纪城二期,3室2厅2卫,88.00,南,5000
,未知小区,1室0厅1卫,25.00,1间在租,1160
龙华区-梅林关,龙光玖龙玺,4室2厅2卫,89.00,东北,9800
龙岗区-龙岗双龙,水岸新都四五期,3室2厅2卫,140.00,南,3500
盐田区-盐田港,和亨中心广场,2室1厅1卫,38.00,西北,2500
,未知小区,1室1厅1卫,28.50,1间在租,1278
龙岗区-大运新城,佳兆业未来时代大厦,1室0厅1卫,43.00,东,2900
龙岗区-龙岗中心城,雅庭名苑,3室2厅2卫,105.00,东南,3700
南山区-南山中心,华联城市商务中心,1室0厅1卫,40.00,东南,6000
福田区-梅林,艺丰花园C区,3室2厅2卫,106.00,北,6300
,未知小区,1室0厅1卫,20.50,1间在租,1188
南山区-蛇口,桂园小区一区,3室2厅1卫,81.00,南,6300
盐田区-盐田港,山海四季城,3室2厅1卫,76.00,南,4800
,未知小区,1室1厅1卫,28.50,1间在租,1360
福田区-石厦,益田村,4室2厅2卫,119.00,北,10000
,未知小区,1室0厅1卫,18.50,1间在租,890
,未知小区,1室1厅1卫,38.00,1间在租,2700
,未知小区,未知户型,14间在租,1室0厅1卫,1024-1112
福田区-梅林,颐林雅院,2室2厅1卫,75.00,南,6500
宝安区-西乡,君成雍和园,4室2厅2卫,89.00,东南,8200
福田区-梅林,蓝天绿都家园,2室2厅1卫,58.00,南,5400
,未知小区,1室0厅1卫,32.00,1间在租,3060
龙岗区-坪地,中骏四季阳光二期,3室2厅2卫,97.12,东南 西南,3500
南山区-南头,麒麟花园A区,3室2厅2卫,90.00,东南,9000
龙岗区-布吉街,阳光花园一期,3室2厅1卫,80.40,南,3800
福田区-梅林,山语清晖,4室2厅3卫,178.00,北,19500
龙岗区-横岗,荣德SPACE,2室2厅1卫,69.00,北,3600
坪山区-坪山,深业御园,3室2厅1卫,75.00,东南,2300
南山区-蛇口,鲸山觐海,4室2厅2卫,202.00,东南,25000
,未知小区,1室1厅1卫,26.48,1间在租,1630
宝安区-石岩,宏发世纪城二期,3室2厅2卫,88.00,南,5000
龙华区-梅林关,龙光玖龙玺,4室2厅2卫,89.00,东北,9800
龙岗区-龙岗双龙,水岸新都四五期,3室2厅2卫,140.00,南,3500
盐田区-盐田港,和亨中心广场,2室1厅1卫,38.00,西北,2500
,未知小区,1室0厅1卫,12.50-13.00,2间在租,2488-3141
龙岗区-大运新城,佳兆业未来时代大厦,1室0厅1卫,43.00,东,2900
,未知小区,1室0厅1卫,16.87,4间在租,1550-1640
龙岗区-龙岗中心城,雅庭名苑,3室2厅2卫,105.00,东南,3700
,未知小区,1室1厅1卫,20.10,1间在租,1224
,未知小区,1室0厅1卫,29.00,1间在租,1500
南山区-南山中心,华联城市商务中心,1室0厅1卫,40.00,东南,6000
福田区-梅林,艺丰花园C区,3室2厅2卫,106.00,北,6300
南山区-蛇口,桂园小区一区,3室2厅1卫,81.00,南,6300
盐田区-盐田港,山海四季城,3室2厅1卫,76.00,南,4800
福田区-石厦,益田村,4室2厅2卫,119.00,北,10000
,未知小区,1室0厅1卫,26.00,1间在租,1450
龙岗区-布吉街,吉信大厦,1室0厅0卫,48.00,东,2500
福田区-华强北,金茂礼都,1室1厅1卫,47.00,南,5200
福田区-车公庙,新沙苑,1室1厅1卫,50.00,北,4000
南山区-南山中心,现代城华庭,4室2厅2卫,238.00,南,18000
福田区-梅林,梅林一村,3室2厅1卫,98.00,南,7200
罗湖区-地王,鸿翔花园,1室1厅1卫,46.00,东南 南,4800
,未知小区,1室1厅1卫,30.50,1间在租,1455
罗湖区-黄贝岭,汇鑫花园,6室2厅3卫,248.00,北,22000
龙岗区-平湖,佳兆业金御佳园,4室2厅2卫,133.00,南,6400
光明区-光明,新地中央花园,3室2厅1卫,108.00,东 西,5000
南山区-蛇口,新世界·临海揽山御园,3室2厅2卫,107.50,南,16000
,未知小区,1室0厅1卫,11.50,1间在租,828
南山区-大学城,博林天瑞,4室2厅2卫,198.00,南,22000
,未知小区,1室0厅1卫,18.50,1间在租,1040
,未知小区,1室0厅1卫,25.00,1间在租,1160
,未知小区,1室1厅1卫,28.50,1间在租,1278
南山区-前海,绿海名都,1室0厅1卫,40.12,南,5300
,未知小区,1室0厅1卫,20.50,1间在租,1188
,未知小区,1室1厅1卫,28.50,1间在租,1360
,未知小区,1室0厅1卫,18.50,1间在租,890
,未知小区,2室1厅1卫,48.50,1间在租,2142
,未知小区,1室0厅1卫,30.00,1间在租,1900
龙岗区-布吉大芬,桂芳园六期,2室2厅1卫,74.70,西北,4300
,未知小区,1室0厅1卫,35.00,1间在租,2299
龙岗区-平湖,御峰园,3室2厅2卫,94.00,西南,4500
福田区-福田保税区,加福广场华尔登府邸,2室2厅1卫,108.00,西,8500
,未知小区,1室0厅1卫,30.00,1间在租,2999
,未知小区,1室1厅1卫,38.00,1间在租,2700
南山区-科技园,科技园三十六区,3室2厅1卫,92.87,南,7600
,未知小区,1室0厅1卫,35.00,1间在租,4600
罗湖区-笋岗,兴华小区,3室2厅1卫,90.00,南,5800
龙华区-民治,梅花山庄,7室4厅5卫,800.00,南,45000
,未知小区,未知户型,10间在租,1室0厅1卫,1274-1580
龙岗区-平湖,花半里欣悦广场,2室1厅1卫,63.00,东北,3500
南山区-西丽,桃源村一期,3室1厅1卫,71.00,南,6200
福田区-景田,紫薇阁,2室1厅1卫,56.00,南,5000
南山区-红树湾,瑧湾汇,2室2厅1卫,73.98,南,13800
南山区-蛇口,景园大厦(爱榕路),3室2厅1卫,93.47,东南,6500
龙岗区-龙岗中心城,万科天誉二期,3室2厅2卫,89.00,西南,5500
,未知小区,1室0厅1卫,21.00,5间在租,1099
龙岗区-布吉南岭,万科公园里三期,3室2厅2卫,106.00,东南,5800
光明区-光明,星河天地二期,1室1厅1卫,38.00,西北,2580
福田区-福田中心,彩虹新都,3室1厅1卫,105.00,东南,8200
南山区-后海,雅仕荔景苑,3室2厅1卫,88.00,南,8300
福田区-上步,佳兆业中心,1室1厅1卫,32.00,南,3800
罗湖区-翠竹,贝悦汇大厦,1室1厅2卫,33.00,南,5200
,未知小区,1室0厅1卫,25.00,2间在租,1099-1100
龙岗区-坂田,佳兆业中央广场三期,4室2厅2卫,142.00,东北,16800
南山区-蛇口,南海玫瑰花园二期,3室2厅2卫,101.00,南,18000
福田区-石厦,皇庭世纪,2室1厅1卫,58.00,东北,7000
龙华区-观澜,美佳华首誉,3室2厅2卫,90.31,南,4500
宝安区-航城,中信领航,1室1厅1卫,37.00,东北,3200
福田区-上下沙,中洲湾中洲滨海商业中心,3室2厅1卫,82.00,东北,13000
龙岗区-布吉大芬,南景豪庭,3室2厅1卫,76.00,东南,3800
,未知小区,1室0厅1卫,25.00,2间在租,1199
福田区-石厦,合正佳园,2室1厅1卫,83.06,东北,7600
福田区-梅林,振业梅苑,2室1厅1卫,49.00,南,4000
龙岗区-龙岗宝荷,京基御景荟都,3室1厅1卫,63.00,南,3500
,未知小区,1室0厅1卫,25.00,1间在租,1099
,未知小区,1室1厅1卫,40.00,1间在租,1699
南山区-大学城,鼎胜金域世家,3室2厅2卫,89.00,南,8800
,未知小区,1室1厅1卫,30.50,1间在租,1455
福田区-华强北,金茂礼都,1室1厅1卫,47.00,南,5200
福田区-车公庙,新沙苑,1室1厅1卫,50.00,北,4000
南山区-南山中心,现代城华庭,4室2厅2卫,238.00,南,18000
福田区-梅林,梅林一村,3室2厅1卫,98.00,南,7200
,未知小区,1室0厅1卫,11.50,1间在租,828
罗湖区-地王,鸿翔花园,1室1厅1卫,46.00,东南 南,4800
,未知小区,1室0厅1卫,18.50,1间在租,1040
罗湖区-黄贝岭,汇鑫花园,6室2厅3卫,248.00,北,22000
龙岗区-平湖,佳兆业金御佳园,4室2厅2卫,133.00,南,6400
光明区-光明,新地中央花园,3室2厅1卫,108.00,东 西,5000
南山区-蛇口,新世界·临海揽山御园,3室2厅2卫,107.50,南,16000
,未知小区,1室0厅1卫,25.00,1间在租,1160
,未知小区,1室1厅1卫,28.50,1间在租,1278
,未知小区,1室0厅1卫,20.50,1间在租,1188
,未知小区,1室1厅1卫,28.50,1间在租,1360
,未知小区,1室0厅1卫,18.50,1间在租,890
南山区-大学城,博林天瑞,4室2厅2卫,198.00,南,22000
南山区-前海,绿海名都,1室0厅1卫,40.12,南,5300
,未知小区,2室1厅1卫,48.50,1间在租,2142
龙岗区-布吉大芬,桂芳园六期,2室2厅1卫,74.70,西北,4300
,未知小区,1室0厅1卫,30.00,1间在租,1900
龙岗区-平湖,御峰园,3室2厅2卫,94.00,西南,4500
福田区-福田保税区,加福广场华尔登府邸,2室2厅1卫,108.00,西,8500
南山区-科技园,科技园三十六区,3室2厅1卫,92.87,南,7600
,未知小区,1室0厅1卫,35.00,1间在租,2299
罗湖区-笋岗,兴华小区,3室2厅1卫,90.00,南,5800
,未知小区,1室0厅1卫,30.00,1间在租,2999
,未知小区,1室1厅1卫,38.00,1间在租,2700
,未知小区,1室0厅1卫,35.00,1间在租,4600
福田区-石厦,合正佳园,2室1厅1卫,83.06,东北,7600
,未知小区,1室0厅1卫,20.00,1间在租,1114
福田区-梅林,振业梅苑,2室1厅1卫,49.00,南,4000
,未知小区,1室1厅1卫,58.00,1间在租,2880
,未知小区,1室0厅1卫,30.00,1间在租,2280
龙岗区-龙岗宝荷,京基御景荟都,3室1厅1卫,63.00,南,3500
,未知小区,1室0厅1卫,35.00,1间在租,2580
,未知小区,1室0厅1卫,30.00,1间在租,1880
南山区-大学城,鼎胜金域世家,3室2厅2卫,89.00,南,8800
,未知小区,1室0厅1卫,30.00,1间在租,2480
龙岗区-坂田,佳兆业中央广场一期,3室2厅2卫,89.00,北,6500
南山区-前海,雷圳碧榕湾海景花园,3室2厅2卫,120.00,南,11500
,未知小区,1室0厅1卫,35.00,1间在租,2680
,未知小区,1室0厅1卫,35.00,1间在租,2680
,未知小区,1室0厅1卫,38.00,1间在租,2880
福田区-华强北,都会100,1室1厅1卫,42.00,北,5000
福田区-上下沙,花好园,1室1厅1卫,40.00,西南,5600
,未知小区,1室1厅1卫,42.00,1间在租,2880
福田区-莲花,长城盛世家园二期,2室2厅1卫,73.39,西北,7300
龙岗区-布吉关,佳兆业大都汇,1室0厅1卫,45.00,东北,3000
龙岗区-坂田,信义嘉御山5期,4室2厅1卫,88.84,西南,7600
龙华区-梅林关,星河盛世,2室1厅1卫,77.00,西南,7300
,未知小区,1室0厅1卫,32.00,1间在租,2750
罗湖区-莲塘,聚宝华府,3室2厅2卫,89.00,南,8500
,未知小区,1室1厅1卫,45.00,1间在租,2980
坪山区-坪山,深业御园,2室1厅1卫,40.00,南,1480
龙岗区-布吉关,国展苑,2室1厅1卫,55.00,东南,3200
南山区-蛇口,半岛城邦花园一期,4室2厅2卫,220.00,东南,33500
南山区-蛇口,南海玫瑰花园一期,5室3厅3卫,270.00,东南,50000
,未知小区,1室0厅1卫,30.00,1间在租,2280
